"NodeCode","NodeTitle","NodeType","URL"
"1031","Home","Parent","/sites/CityHallITDept"
"2002","Conversations","Parent","/sites/CityHallITDept/_layouts/15/groupstatus.aspx?Target=CONVERSATIONS&Source=QuickLaunch"
"2176","Configuration","Parent",""
"2071","Liftstation Configs","Child","/sites/CityHallITDept/Lists/Liftstation Configurations"
"2179","Libraries & Lists","Parent",""
"2262","Contractor Access","Child","/sites/CityHallITDept/Lists/Contractor Access/AllItems.aspx"
"2003","Documents","Child","/sites/CityHallITDept/Shared Documents/Forms/AllItems.aspx"
"2112","IT Assets","Child","/sites/CityHallITDept/Lists/IT Assets/AllItems.aspx"
"2249","Notifications","Child","/sites/CityHallITDept/Notifications/Forms/AllItems.aspx"
"2177","Procedures","Parent",""
"2072","IT Procedures","Child","/sites/CityHallITDept/Lists/IT Procedures/AllItems.aspx"
"2204","PASSWORD CHANGE LINK","Child","https://pfpwd.postfalls.gov/RDWeb/Pages/en-US/password.aspx"
"2114","PC Build procedures","Child","/sites/CityHallITDept/Lists/PC Build procedures/AllItems.aspx"
"2178","Reference","Parent",""
"2066","Master IPs","Child","/sites/CityHallITDept/Lists/Master IPs/Search by Device.aspx"
"2212","Tips & Tricks","Parent","/sites/CityHallITDept/Lists/Tips_Tricks/AllItems.aspx"
"2161","SharePoint","Parent",""
"2159","Helpful SP URLs","Child","/sites/CityHallITDept/Lists/Helpful_SP_URLs"
"2164","NITRO Backups","Child","/sites/CityHallITDept/NITRO Backups/Forms/BySite.aspx"
"2165","NITRO Variables","Child","https://postfallsidahoorg.sharepoint.com/Lists/NITROvariables/AllItems.aspx"
"2175","Crow Canyon support tickets","Child","/sites/CityHallITDept/Lists/CrowCanyonSupportTickets/Open Tickets.aspx"
"2184","Change Log","Parent","/sites/CityHallITDept/Lists/ChangeLog/AllItems.aspx"
"1026","Subsites","Parent","/sites/CityHallITDept/_layouts/15/viewlsts.aspx?ShowSites=1"
"2194","Training Playground","Child","/sites/CityHallITDept/training"
"2150","Admin","Parent",""
"2213","Admin Links","Child",""
"2151","NITRO Apps","Child","/sites/CityHallITDept/_layouts/15/appredirect.aspx?client_id=1fecf81a-a6de-47d8-97b9-f23164792f2d&redirect_uri=https%3a%2f%2fnitrostudio.azurewebsites.net%2FPages%2FNitroApps.aspx%3F{StandardTokens}%26r_webId=67626233-f7b9-4f7f-b3b3-8b55d9829be5"
"2200","Add PD user steps","Child","/sites/CityHallITDept/SitePages/Granting-access-for-a-PD-employee-to-SharePoint.aspx"
"2155","Navigation","Child","/sites/CityHallITDept/_layouts/15/AreaNavigationSettings.aspx"
"2156","Helpful SP URLs","Child","/sites/CityHallITDept/Lists/Helpful_SP_URLs/AllItems.aspx"
"2154","Site Settings","Child","/sites/CityHallITDept/_layouts/15/settings.aspx"
"2153","Site Contents","Child","/sites/CityHallITDept/_layouts/15/viewlsts.aspx?view=14"
"2216","Temp/Test","Parent",""
"2265","Move H drive","Child","https://postfallsidahoorg.sharepoint.com/sites/CityHallITDept-MoveHDrivetoOneDriveProject"
"2244","Demo Site","Child","https://postfallsidahoorg.sharepoint.com/sites/Demo"
"2232","Assets","Child",""
"2217","Search Testing","Child",""
"2228","Granting access for a PD employee to SharePoint","Child","/sites/CityHallITDept/SitePages/Granting-access-for-a-PD-employee-to-SharePoint.aspx"
"2245","Source Code - GIT","Parent","/sites/CityHallITDept/SourceCodeGIT/Forms/AllItems.aspx"
"2253","Office Scripts","Parent","/sites/CityHallITDept/OfficeScripts/Forms/AllItems.aspx"
"2264","Training Playground","Parent","/sites/CityHallITDept/training"
"2267","H Drive conversions","Parent","/sites/CityHallITDept/Lists/H Drive conversions/calendar.aspx"
"1033","Recent","Parent",""
"2241","CCSWFHistory_Common_ErrorLogs","Child","/sites/CityHallITDept/Lists/CCSWFHistory_Common_ErrorLogs/Last 7 Days.aspx"
"2240","NITRO_CSS_Codes","Child","/sites/CityHallITDept/Lists/NITRO_CSS_Codes/AllItems.aspx"
"2237","CCSWFHistory_IT Assets_1","Child","/sites/CityHallITDept/Lists/CCSWFHistory_IT Assets_1/Last 7 Days.aspx"
"2236","CCSWFHistory_IT Assets_Common","Child","/sites/CityHallITDept/Lists/CCSWFHistory_IT Assets_Common/Last 7 Days.aspx"
"2208","CCSWFHistory_Laptop Checkout_1","Child","/sites/CityHallITDept/Lists/CCSWFHistory_Laptop Checkout_1/Last 7 Days.aspx"
"1031","Home","Parent","/sites/HRDept"
"2570","‚≠ê HR Testing NEW","Parent","https://postfallsidahoorg.sharepoint.com/sites/HumanResources"
"2569","üîë HR Secure site","Parent","/sites/HRDept/HRSecure"
"2075","HR Forms","Parent","/sites/HRDept/HR Forms"
"2572","New Employee Notify IT","Parent","/sites/HRDept/Lists/NewEmployeeITProcessing/In Process.aspx"
"2460","Orientation","Parent","/sites/HRDept/HR/Forms/AllItems.aspx"
"2577","HR Links","Parent","/sites/HRDept/SitePages/HR-Links.aspx"
"2576","üì∞ Add news cheatsheet","Parent","/sites/News/Shared Documents/Adding a news article to SharePoint.docx"
"2342","Admin","Parent",""
"2343","NITRO Apps","Child","/sites/HRDept/_layouts/15/appredirect.aspx?client_id=1fecf81a-a6de-47d8-97b9-f23164792f2d&redirect_uri=https%3a%2f%2fnitrostudio.azurewebsites.net%2FPages%2FNitroApps.aspx%3F{StandardTokens}%26r_webId=67626233-f7b9-4f7f-b3b3-8b55d9829be5"
"2344","NITRO Error Dashboard","Child","/sites/HRDept/SitePages/Workflow-Errors-Dashboard.aspx"
"2347","Navigation","Child","/sites/HRDept/_layouts/15/AreaNavigationSettings.aspx"
"2525","Helpful SP URLs","Child","/sites/HRDept/Lists/Helpful_SP_URLs"
"2346","Site Settings","Child","/sites/HRDept/_layouts/15/settings.aspx"
"2345","Site Contents","Child","/sites/HRDept/_layouts/15/viewlsts.aspx?view=14"
"1033","Recent","Parent",""
"2581","CCSWFService_Logs","Child","/sites/HRDept/Lists/CCSWFService_Logs/AllItems.aspx"
"2578","NITROMailTemplates","Child","/sites/HRDept/NITROMailTemplates/Forms/AllItems.aspx"
"2575","HR Calendar","Child","/sites/HRDept/Lists/HRCalendar/Calendar.aspx"
"2503","Helpful SP URLs","Child","/sites/HRDept/Lists/Helpful_SP_URLs/AllItems.aspx"
"2377","Videos","Child","/sites/HRDept/Videos/Forms/Thumbnails.aspx"
"2579","Job Descriptions","Parent","/sites/HRDept/Job Descriptions/Forms/AllItems.aspx"
"1031","Home","Parent","/sites/HRDept"
"2570","‚≠ê HR Testing NEW","Parent","https://postfallsidahoorg.sharepoint.com/sites/HumanResources"
"2569","üîë HR Secure site","Parent","/sites/HRDept/HRSecure"
"2075","HR Forms","Parent","/sites/HRDept/HR Forms"
"2572","New Employee Notify IT","Parent","/sites/HRDept/Lists/NewEmployeeITProcessing/In Process.aspx"
"2460","Orientation","Parent","/sites/HRDept/HR/Forms/AllItems.aspx"
"2577","HR Links","Parent","/sites/HRDept/SitePages/HR-Links.aspx"
"2576","üì∞ Add news cheatsheet","Parent","/sites/News/Shared Documents/Adding a news article to SharePoint.docx"
"2342","Admin","Parent",""
"1033","Recent","Parent",""
"2579","Job Descriptions","Parent","/sites/HRDept/Job Descriptions/Forms/AllItems.aspx"
"1031","Home","Parent","/sites/CityHallITDept"
"2002","Conversations","Parent","/sites/CityHallITDept/_layouts/15/groupstatus.aspx?Target=CONVERSATIONS&Source=QuickLaunch"
"2176","Configuration","Parent",""
"2071","Liftstation Configs","Child","/sites/CityHallITDept/Lists/Liftstation Configurations"
"2179","Libraries & Lists","Parent",""
"2262","Contractor Access","Child","/sites/CityHallITDept/Lists/Contractor Access/AllItems.aspx"
"2003","Documents","Child","/sites/CityHallITDept/Shared Documents/Forms/AllItems.aspx"
"2112","IT Assets","Child","/sites/CityHallITDept/Lists/IT Assets/AllItems.aspx"
"2249","Notifications","Child","/sites/CityHallITDept/Notifications/Forms/AllItems.aspx"
"2177","Procedures","Parent",""
"2072","IT Procedures","Child","/sites/CityHallITDept/Lists/IT Procedures/AllItems.aspx"
"2204","PASSWORD CHANGE LINK","Child","https://pfpwd.postfalls.gov/RDWeb/Pages/en-US/password.aspx"
"2114","PC Build procedures","Child","/sites/CityHallITDept/Lists/PC Build procedures/AllItems.aspx"
"2178","Reference","Parent",""
"2066","Master IPs","Child","/sites/CityHallITDept/Lists/Master IPs/Search by Device.aspx"
"2212","Tips & Tricks","Parent","/sites/CityHallITDept/Lists/Tips_Tricks/AllItems.aspx"
"2161","SharePoint","Parent",""
"2159","Helpful SP URLs","Child","/sites/CityHallITDept/Lists/Helpful_SP_URLs"
"2164","NITRO Backups","Child","/sites/CityHallITDept/NITRO Backups/Forms/BySite.aspx"
"2165","NITRO Variables","Child","https://postfallsidahoorg.sharepoint.com/Lists/NITROvariables/AllItems.aspx"
"2175","Crow Canyon support tickets","Child","/sites/CityHallITDept/Lists/CrowCanyonSupportTickets/Open Tickets.aspx"
"2184","Change Log","Parent","/sites/CityHallITDept/Lists/ChangeLog/AllItems.aspx"
"1026","Subsites","Parent","/sites/CityHallITDept/_layouts/15/viewlsts.aspx?ShowSites=1"
"2194","Training Playground","Child","/sites/CityHallITDept/training"
"2150","Admin","Parent",""
"2213","Admin Links","Child",""
"2151","NITRO Apps","Child","/sites/CityHallITDept/_layouts/15/appredirect.aspx?client_id=1fecf81a-a6de-47d8-97b9-f23164792f2d&redirect_uri=https%3a%2f%2fnitrostudio.azurewebsites.net%2FPages%2FNitroApps.aspx%3F{StandardTokens}%26r_webId=67626233-f7b9-4f7f-b3b3-8b55d9829be5"
"2200","Add PD user steps","Child","/sites/CityHallITDept/SitePages/Granting-access-for-a-PD-employee-to-SharePoint.aspx"
"2155","Navigation","Child","/sites/CityHallITDept/_layouts/15/AreaNavigationSettings.aspx"
"2156","Helpful SP URLs","Child","/sites/CityHallITDept/Lists/Helpful_SP_URLs/AllItems.aspx"
"2154","Site Settings","Child","/sites/CityHallITDept/_layouts/15/settings.aspx"
"2153","Site Contents","Child","/sites/CityHallITDept/_layouts/15/viewlsts.aspx?view=14"
"2216","Temp/Test","Parent",""
"2265","Move H drive","Child","https://postfallsidahoorg.sharepoint.com/sites/CityHallITDept-MoveHDrivetoOneDriveProject"
"2244","Demo Site","Child","https://postfallsidahoorg.sharepoint.com/sites/Demo"
"2232","Assets","Child",""
"2217","Search Testing","Child",""
"2228","Granting access for a PD employee to SharePoint","Child","/sites/CityHallITDept/SitePages/Granting-access-for-a-PD-employee-to-SharePoint.aspx"
"2245","Source Code - GIT","Parent","/sites/CityHallITDept/SourceCodeGIT/Forms/AllItems.aspx"
"2253","Office Scripts","Parent","/sites/CityHallITDept/OfficeScripts/Forms/AllItems.aspx"
"2264","Training Playground","Parent","/sites/CityHallITDept/training"
"2267","H Drive conversions","Parent","/sites/CityHallITDept/Lists/H Drive conversions/calendar.aspx"
"1033","Recent","Parent",""
"2241","CCSWFHistory_Common_ErrorLogs","Child","/sites/CityHallITDept/Lists/CCSWFHistory_Common_ErrorLogs/Last 7 Days.aspx"
"2240","NITRO_CSS_Codes","Child","/sites/CityHallITDept/Lists/NITRO_CSS_Codes/AllItems.aspx"
"2237","CCSWFHistory_IT Assets_1","Child","/sites/CityHallITDept/Lists/CCSWFHistory_IT Assets_1/Last 7 Days.aspx"
"2236","CCSWFHistory_IT Assets_Common","Child","/sites/CityHallITDept/Lists/CCSWFHistory_IT Assets_Common/Last 7 Days.aspx"
"2208","CCSWFHistory_Laptop Checkout_1","Child","/sites/CityHallITDept/Lists/CCSWFHistory_Laptop Checkout_1/Last 7 Days.aspx"
"1031","Home","Parent","/sites/HRDept"
"2570","‚≠ê HR Testing NEW","Parent","https://postfallsidahoorg.sharepoint.com/sites/HumanResources"
"2569","üîë HR Secure site","Parent","/sites/HRDept/HRSecure"
"2075","HR Forms","Parent","/sites/HRDept/HR Forms"
"2572","New Employee Notify IT","Parent","/sites/HRDept/Lists/NewEmployeeITProcessing/In Process.aspx"
"2460","Orientation","Parent","/sites/HRDept/HR/Forms/AllItems.aspx"
"2577","HR Links","Parent","/sites/HRDept/SitePages/HR-Links.aspx"
"2576","üì∞ Add news cheatsheet","Parent","/sites/News/Shared Documents/Adding a news article to SharePoint.docx"
"2342","Admin","Parent",""
"2343","NITRO Apps","Child","/sites/HRDept/_layouts/15/appredirect.aspx?client_id=1fecf81a-a6de-47d8-97b9-f23164792f2d&redirect_uri=https%3a%2f%2fnitrostudio.azurewebsites.net%2FPages%2FNitroApps.aspx%3F{StandardTokens}%26r_webId=67626233-f7b9-4f7f-b3b3-8b55d9829be5"
"2344","NITRO Error Dashboard","Child","/sites/HRDept/SitePages/Workflow-Errors-Dashboard.aspx"
"2347","Navigation","Child","/sites/HRDept/_layouts/15/AreaNavigationSettings.aspx"
"2525","Helpful SP URLs","Child","/sites/HRDept/Lists/Helpful_SP_URLs"
"2346","Site Settings","Child","/sites/HRDept/_layouts/15/settings.aspx"
"2345","Site Contents","Child","/sites/HRDept/_layouts/15/viewlsts.aspx?view=14"
"1033","Recent","Parent",""
"2581","CCSWFService_Logs","Child","/sites/HRDept/Lists/CCSWFService_Logs/AllItems.aspx"
"2578","NITROMailTemplates","Child","/sites/HRDept/NITROMailTemplates/Forms/AllItems.aspx"
"2575","HR Calendar","Child","/sites/HRDept/Lists/HRCalendar/Calendar.aspx"
"2503","Helpful SP URLs","Child","/sites/HRDept/Lists/Helpful_SP_URLs/AllItems.aspx"
"2377","Videos","Child","/sites/HRDept/Videos/Forms/Thumbnails.aspx"
"2579","Job Descriptions","Parent","/sites/HRDept/Job Descriptions/Forms/AllItems.aspx"
"2394","Teams","Parent","https://teams.microsoft.com/l/team/19:UDYbDLDH8bglsFTeV8vNePkVJ7CWxmUoIkQJK5ND2pw1%40thread.tacv2/conversations?tenantId=f5eede05-2f08-4d8e-8bff-5c78a3dd2dd3"
"2002","Conversations","Child","/sites/FinanceDepartment/_layouts/15/groupstatus.aspx?Target=CONVERSATIONS&Source=QuickLaunch"
"2004","Notebook","Child","/sites/FinanceDepartment/_layouts/15/Doc.aspx?sourcedoc={e5215916-194e-4d37-940f-04f867fd8a63}&action=editnew"
"1031","Home","Parent","/sites/FinanceDepartment"
"2324","Accounting","Parent",""
"2457","Accounts Payable","Child","/sites/FinanceDepartment/APDocuments"
"2463","Accounts Receivable","Child","/sites/FinanceDepartment/ARDocs"
"2497","AR Invoices","Child","/sites/FinanceDepartment/AR_Invoices1"
"2459","Bank Reconciliations","Child","/sites/FinanceDepartment/BankRecDocs"
"2454","CAFR","Child","/sites/FinanceDepartment/CAFRDocs"
"2487","Journal Entries","Child","/sites/FinanceDepartment/JournalEntries1"
"2482","LIDs","Child","/sites/FinanceDepartment/LIDs1/Forms/AllItems.aspx"
"2490","Worksheets","Child","/sites/FinanceDepartment/Worksheets1/Forms/AllItems.aspx"
"2388","Budget","Parent",""
"2452","Budget Documents","Child","/sites/FinanceDepartment/Budget Docs"
"2559","ClearGov Budgeting","Child","https://cleargov.com/sign-in"
"2400","Previous Budget Requests","Child","/sites/FinanceDepartment/Lists/Budget Requests"
"2159","Credit Cards","Parent",""
"2556","CC Bucket","Child","/sites/FinanceDepartment/CCBucketUSB/Forms/AllItems.aspx"
"2557","CC Receipts","Child","/sites/FinanceDepartment/CCReceiptsApprovedUSB/Forms/By Card Number.aspx"
"2558","CC List","Child","/sites/FinanceDepartment/Lists/CCList_USB/AllItems.aspx"
"2554","CC List (PowerApp)","Child","https://apps.gov.powerapps.us/play/e/default-f5eede05-2f08-4d8e-8bff-5c78a3dd2dd3/a/fe70f741-6979-4129-ba7a-675712ef78a8?tenantId=f5eede05-2f08-4d8e-8bff-5c78a3dd2dd3"
"2384","Documents","Parent",""
"2494","Audit Documents","Child","/sites/FinanceDepartment/AuditDocuments1/Forms/AllItems.aspx"
"2301","Budgetary Documents","Child","/sites/FinanceDepartment/BudgetaryDocuments/Forms/AllItems.aspx"
"2345","Budgetary Documents_Archive","Child","/sites/FinanceDepartment/BudgetaryDocsArchive/Forms/AllItems.aspx"
"2347","Finance Documents","Child","/sites/FinanceDepartment/FinanceDocuments/Forms/AllItems.aspx"
"2495","Fixed Asset Docs","Child","/sites/FinanceDepartment/FixedAssetDocs1/Forms/AllItems.aspx"
"2003","Misc Documents","Child","/sites/FinanceDepartment/Shared Documents/Forms/AllItems.aspx"
"2393","Formal Docs","Parent",""
"2461","941 Reports","Child","/sites/FinanceDepartment/941ReportsDocs"
"2502","Warranty Deeds","Child","/sites/FinanceDepartment/WarrantyDeeds1"
"2504","Warranty Deeds_Archive","Child","/sites/FinanceDepartment/WarrantyDeeds_Archive1/Forms/AllItems.aspx"
"2274","Invoices","Parent",""
"2176","Invoice Bucket","Child","/sites/FinanceDepartment/InvoiceBucket/Forms/AllItems.aspx"
"2293","Invoices Processed","Child","/sites/FinanceDepartment/InvoicesProcessed/Forms/Approved.aspx"
"2341","Invoices Processed_Archive","Child","/sites/FinanceDepartment/InvoicesProcessed_Archive/Forms/AllItems.aspx"
"2509","Invoice Bucket Notifiers","Child","/sites/FinanceDepartment/Lists/InvoiceBucketNotifiers"
"2395","Invoice & CC Submitters","Child","/sites/FinanceDepartment/_layouts/15/people.aspx?MembershipGroupId=223"
"2275","Payroll","Parent",""
"2174","Payroll Change Requests","Child","/sites/FinanceDepartment/Lists/PayrollChangeRequests/AllItems.aspx"
"2175","Payroll Change Approvals","Child","/sites/FinanceDepartment/Lists/PayrollChangeApprovals/MyItems.aspx"
"2491","Payroll Reports","Child","/sites/FinanceDepartment/PayrollReports1"
"2322","Travel/Training","Parent",""
"2404","Travel Requests","Child","/sites/FinanceDepartment/Lists/TravelRequests/Calendar.aspx?viewid=ff372b10%2Dc616%2D44fb%2Dbfa0%2Dcf7fb489a0f5"
"2406","Travel Request Approvals","Child","/sites/FinanceDepartment/Lists/TravelRequestApprovals/AllItems.aspx"
"2350","Travel Per Diems","Child","/sites/FinanceDepartment/Lists/TravelPerDiems/AllItems.aspx"
"2512","New TR Debug","Child","/sites/FinanceDepartment/SitePages/CCSNewForm.aspx?ListID=80851ddc-dd56-4125-a69c-8b2011571b3e&FormKey=Debug"
"2323","Admin","Parent",""
"2473","NITRO Apps","Child","/sites/FinanceDepartment/_layouts/15/appredirect.aspx?client_id=1fecf81a-a6de-47d8-97b9-f23164792f2d&redirect_uri=https%3a%2f%2fnitrostudio.azurewebsites.net%2FPages%2FNitroApps.aspx%3F{StandardTokens}%26r_webId=ce784d42-b5b4-4fb1-9c51-bdf22ee116fc"
"2485","NITRO Branding","Child","/sites/FinanceDepartment/SitePages/CCSBrandingSettings.aspx"
"2477","Navigation","Child","/sites/FinanceDepartment/_layouts/15/AreaNavigationSettings.aspx"
"2480","Helpful SP URLs","Child","/sites/FinanceDepartment/Lists/Helpful_SP_URLs"
"2476","Site Settings","Child","/sites/FinanceDepartment/_layouts/15/settings.aspx"
"2475","Site Contents","Child","/sites/FinanceDepartment/_layouts/15/viewlsts.aspx?view=14"
"1033","Recent","Parent",""
"2563","CCSWFService_Logs","Child","/sites/FinanceDepartment/Lists/CCSWFService_Logs/AllItems.aspx"
"2561","zCC-WFtest","Child","/sites/FinanceDepartment/zCCWFtest/Forms/By Card Number.aspx"
"2560","CC Receipts-OLD Wells Fargo","Child","/sites/FinanceDepartment/CCReceiptsApprovedWF/Forms/By Card Number.aspx"
"2551","CCSWFHistory_Travel Requests_2","Child","/sites/FinanceDepartment/Lists/CCSWFHistory_Travel Requests_2/Last 7 Days.aspx"
"2547","CCSWFHistory_Common_ErrorLogs","Child","/sites/FinanceDepartment/Lists/CCSWFHistory_Common_ErrorLogs/Last 7 Days.aspx"
"1031","Home","Parent","/sites/PlanningDepartment"
"2002","Conversations","Parent","/sites/PlanningDepartment/_layouts/15/groupstatus.aspx?Target=CONVERSATIONS&Source=QuickLaunch"
"2003","Documents","Parent","/sites/PlanningDepartment/Shared Documents/Forms/AllItems.aspx"
"2005","Pages","Parent","/sites/PlanningDepartment/SitePages/Forms/ByAuthor.aspx"
"2023","Admin","Parent",""
"2024","NITRO Apps","Child","/sites/PlanningDepartment/_layouts/15/appredirect.aspx?client_id=1fecf81a-a6de-47d8-97b9-f23164792f2d&redirect_uri=https%3a%2f%2fnitrostudio.azurewebsites.net%2FPages%2FNitroApps.aspx%3F{StandardTokens}%26r_webId=ce784d42-b5b4-4fb1-9c51-bdf22ee116fc"
"2025","Site Contents","Child","/sites/PlanningDepartment/_layouts/15/viewlsts.aspx?view=14"
"2027","Navigation","Child","/sites/PlanningDepartment/_layouts/15/AreaNavigationSettings.aspx"
"2026","Site Settings","Child","/sites/PlanningDepartment/_layouts/15/settings.aspx"
"1034","Site contents","Child","/sites/PlanningDepartment/_layouts/15/viewlsts.aspx"
"1033","Recent","Parent",""
"2007","Teams Wiki Data","Child","/sites/PlanningDepartment/Teams Wiki Data/Forms/AllItems.aspx"
"2006","19:bcc34c2f803e488988aaed9af0b19b5d@thread.tacv2_wiki","Child","/sites/PlanningDepartment/Lists/19bcc34c2f803e488988aaed9af0b19b5dthreadtacv2_wiki/AllItems.aspx"
"1031","Home","Parent","/sites/ShellyRhiannon-Admin"
"2002","Conversations","Parent","/sites/ShellyRhiannon-Admin/_layouts/15/groupstatus.aspx?Target=CONVERSATIONS&Source=QuickLaunch"
"2003","Documents","Parent","/sites/ShellyRhiannon-Admin/Shared Documents/Forms/AllItems.aspx"
"2004","Notebook","Parent","/sites/ShellyRhiannon-Admin/_layouts/15/Doc.aspx?sourcedoc={93586c06-8b66-4b31-9cdb-ffef75a1da26}&action=editnew"
"2005","Pages","Parent","/sites/ShellyRhiannon-Admin/SitePages/Forms/ByAuthor.aspx"
"1033","Recent","Parent",""
"2007","Teams Wiki Data","Child","/sites/ShellyRhiannon-Admin/Teams Wiki Data/Forms/AllItems.aspx"
"2006","19:Dy8DlZwEQ7akqxHgVVT6n9JBvJH1rMj9dsvmUYaeOxc1@thread.tacv2_wiki","Child","/sites/ShellyRhiannon-Admin/Lists/19Dy8DlZwEQ7akqxHgVVT6n9JBvJH1rMj9dsvmUYaeOxc1thre/AllItems.aspx"
"1034","Site contents","Parent","/sites/ShellyRhiannon-Admin/_layouts/15/viewlsts.aspx"
"1031","Home","Parent","/sites/PublicWorksProjects"
"2002","Conversations","Parent","/sites/PublicWorksProjects/_layouts/15/groupstatus.aspx?Target=CONVERSATIONS&Source=QuickLaunch"
"2003","Documents","Parent","/sites/PublicWorksProjects/Shared Documents/Forms/AllItems.aspx"
"2004","Notebook","Parent","/sites/PublicWorksProjects/_layouts/15/Doc.aspx?sourcedoc={2c2e3f3a-3b18-40db-a34c-1589aa8c8036}&action=editnew"
"2005","Pages","Parent","/sites/PublicWorksProjects/SitePages/Forms/ByAuthor.aspx"
"1033","Recent","Parent",""
"2007","Teams Wiki Data","Child","/sites/PublicWorksProjects/Teams Wiki Data/Forms/AllItems.aspx"
"2006","19:2ba42c98589e46fea819587a0236cbee@thread.tacv2_wiki","Child","/sites/PublicWorksProjects/Lists/192ba42c98589e46fea819587a0236cbeethreadtacv2_wiki/AllItems.aspx"
"1034","Site contents","Parent","/sites/PublicWorksProjects/_layouts/15/viewlsts.aspx"
"2010","Online Intranet","Parent","https://postfallsidahoorg.sharepoint.com"
"1031","Home","Parent","/sites/LegalDepartment"
"2003","Documents","Parent","/sites/LegalDepartment/Shared Documents/Forms/AllItems.aspx"
"2009","Legal Only","Parent","/sites/LegalDepartment/Forms to Review/Forms/AllItems.aspx"
"2030","Criminal Only","Parent","/sites/LegalDepartment/Criminal Only/Forms/AllItems.aspx"
"2008","Legal Services Request","Parent","https://forms.monday.com/forms/ed5720e6ec5467f836903f2956bc840f?r=use1"
"2022","Crow Canyon NITRO Apps","Parent","/sites/LegalDepartment/_layouts/15/appredirect.aspx?client_id=1fecf81a-a6de-47d8-97b9-f23164792f2d&redirect_uri=https%3a%2f%2fnitrostudio.azurewebsites.net%2FPages%2FNitroApps.aspx%3F{StandardTokens}%26r_webId=ce784d42-b5b4-4fb1-9c51-bdf22ee116fc"
"2023","Crow Canyon Branding (Modern sites)","Parent","/sites/LegalDepartment/SitePages/CCSBrandingSettings.aspx"
"2028","Public Records Requests","Parent","/sites/LegalDepartment/Public Records Requests/Forms/AllItems.aspx"
"2042","Claims & Litigation","Parent","/sites/LegalDepartment/Claims  Litigation/Forms/AllItems.aspx"
"2035","Admin","Parent",""
"2044","NITRO Apps","Child","/sites/LegalDepartment/_layouts/15/appredirect.aspx?client_id=1fecf81a-a6de-47d8-97b9-f23164792f2d&redirect_uri=https%3a%2f%2fnitrostudio.azurewebsites.net%2FPages%2FNitroApps.aspx%3F{StandardTokens}%26r_webId=ce784d42-b5b4-4fb1-9c51-bdf22ee116fc"
"2048","Navigation","Child","/sites/LegalDepartment/_layouts/15/AreaNavigationSettings.aspx"
"2047","Site Settings","Child","/sites/LegalDepartment/_layouts/15/settings.aspx"
"2046","Site Contents","Child","/sites/LegalDepartment/_layouts/15/viewlsts.aspx?view=14"
"2051","Discovery","Child","/sites/LegalDepartment/Forms to Review/Forms/AllItems.aspx?RootFolder=%2Fsites%2FLegalDepartment%2FForms%20to%20Review%2FLegal%20Department%2FClaims%20%26%20Litigation%2F2023%20Liberty%20Bankers&FolderCTID=0x01200040D3D93982C9A141A45836E8CAB9F17F"
"1034","Site contents","Parent","/sites/LegalDepartment/_layouts/15/viewlsts.aspx"
"2052","Legal Search beta","Parent","/sites/LegalDepartment/SitePages/Search-everything-for-Liberty-Bankers-lawsuit.aspx"
"1033","Recent","Parent",""
"2020","CrowCanyonMailTemplates","Child","/sites/LegalDepartment/Lists/CrowCanyonMailTemplates/AllItems.aspx"
"2019","Send Mails","Child","/sites/LegalDepartment/Lists/Send Mails/AllItems.aspx"
"2018","NITROUserPreferences","Child","/sites/LegalDepartment/Lists/NITROUserPreferences/AllItems.aspx"
"2017","CrowCanyonAppsEmails","Child","/sites/LegalDepartment/Lists/CrowCanyonAppsEmails/AllItems.aspx"
"2016","Crow Canyon Email and Text Sync","Child","/sites/LegalDepartment/_layouts/15/appredirect.aspx?instance_id={FF36A117-8555-4A29-812A-A2F8E97B3EC0}&quick_launch=1"
"1031","Home","Parent","/sites/CityClerkDepartment"
"2106","Clerks Forms","Parent","/sites/CityClerkDepartment/ClerkForms"
"2170","Agreements","Parent","/sites/CityClerkDepartment/Agreements"
"2107","Minutes","Parent","/sites/CityClerkDepartment/Minutes"
"2108","Ordinances","Parent","/sites/CityClerkDepartment/Ordinances"
"2109","Resolutions","Parent","/sites/CityClerkDepartment/Resolutions"
"2151","Certificates Of Insurance","Parent","/sites/CityClerkDepartment/CertificatesOfInsurance/Forms/AllItems.aspx"
"2169","Reasoned Decisions","Parent","/sites/CityClerkDepartment/ReasonedDecisions"
"2168","Proclamations","Parent","/sites/CityClerkDepartment/Proclamations"
"2083","City Council","Parent",""
"2098","Agenda Docs","Child","/sites/CityClerkDepartment/AgendaDocs"
"2101","Agenda Documents","Child","/sites/CityClerkDepartment/Council Agenda Documents"
"2190","CivicPlus","Child","https://postfallsid.v8.civicclerk.com/"
"2002","Conversations","Parent","/sites/CityClerkDepartment/_layouts/15/groupstatus.aspx?Target=CONVERSATIONS&Source=QuickLaunch"
"2004","Notebook","Parent","/sites/CityClerkDepartment/_layouts/15/Doc.aspx?sourcedoc={8d1a85ae-0b1b-4e17-b701-20b54fb72ebd}&action=editnew"
"2062","Admin","Parent",""
"2058","NITRO Apps","Child","/sites/CityClerkDepartment/_layouts/15/appredirect.aspx?client_id=1fecf81a-a6de-47d8-97b9-f23164792f2d&redirect_uri=https%3a%2f%2fnitrostudio.azurewebsites.net%2FPages%2FNitroApps.aspx%3F{StandardTokens}%26r_webId=ce784d42-b5b4-4fb1-9c51-bdf22ee116fc"
"2110","Policies and Procedures","Child","/sites/CityClerkDepartment/Policies"
"2192","Policies_Archive","Child","/sites/CityClerkDepartment/PnP_Archive/Forms/AllItems.aspx"
"2121","Navigation","Child","/sites/CityClerkDepartment/_layouts/15/AreaNavigationSettings.aspx"
"2189","Shared Documents","Child","/sites/CityClerkDepartment/Shared Documents/Forms/AllItems.aspx"
"2188","Clerk Budget Documents","Child","/sites/CityClerkDepartment/ClerkBudgetDocuments/Forms/AllItems.aspx"
"2181","Helpful SP URLs","Child","/sites/CityClerkDepartment/Lists/Helpful_SP_URLs"
"2057","Site Settings","Child","/sites/CityClerkDepartment/_layouts/15/settings.aspx"
"2063","Site Contents","Child","/sites/CityClerkDepartment/_layouts/15/viewlsts.aspx?view=14"
"1033","Recent","Parent",""
"2194","CCSWFService_Logs","Child","/sites/CityClerkDepartment/Lists/CCSWFService_Logs/AllItems.aspx"
"2044","Meeting Documents","Child","/sites/CityClerkDepartment/Meeting Documents/Forms/AllItems.aspx"
"2043","Document Templates","Child","/sites/CityClerkDepartment/Document Templates/Forms/AllItems.aspx"
"2061","NITROWorkflowDebug","Child","/sites/CityClerkDepartment/NITROWorkflowDebug/AllItems.aspx"
"2060","NITROMailTemplates","Child","/sites/CityClerkDepartment/NITROMailTemplates/Forms/AllItems.aspx"
"2193","Policies","Parent","/sites/CityClerkDepartment/Policies/Forms/AllItems.aspx"
"1031","Home","Parent","/sites/ParksDepartment"
"2002","Conversations","Parent","/sites/ParksDepartment/_layouts/15/groupstatus.aspx?Target=CONVERSATIONS&Source=QuickLaunch"
"2003","Documents","Parent","/sites/ParksDepartment/Shared Documents/Forms/AllItems.aspx"
"2004","Notebook","Parent","/sites/ParksDepartment/_layouts/15/Doc.aspx?sourcedoc={9f76032d-859b-4464-a5db-88dcdc9d4b96}&action=editnew"
"2005","Pages","Parent","/sites/ParksDepartment/SitePages/Forms/ByAuthor.aspx"
"2009","Admin","Parent",""
"2023","Navigation","Child","/sites/ParksDepartment/_layouts/15/AreaNavigationSettings.aspx"
"2024","Helpful SP URLs","Child","/sites/ParksDepartment/Lists/Helpful_SP_URLs"
"2022","Site Settings","Child","/sites/ParksDepartment/_layouts/15/settings.aspx"
"2021","Site Contents","Child","/sites/ParksDepartment/_layouts/15/viewlsts.aspx?view=14"
"1034","Site contents","Parent","/sites/ParksDepartment/_layouts/15/viewlsts.aspx"
"1033","Recent","Parent",""
"2025","19:230bd2a6b8bf441eb30dc169cb935298@thread.tacv2_wiki","Child","/sites/ParksDepartment/Lists/19230bd2a6b8bf441eb30dc169cb935298threadtacv2_wiki/AllItems.aspx"
"2019","Helpful SP URLs","Child","/sites/ParksDepartment/Lists/Helpful_SP_URLs/AllItems.aspx"
"2008","Teams Wiki Data","Child","/sites/ParksDepartment/Teams Wiki Data/Forms/AllItems.aspx"
"2007","19:C_9DE6pcfGrbW5nhbJWfUbmGSYC0NKlx7T0ZFjLIQKg1@thread.tacv2_wiki","Child","/sites/ParksDepartment/Lists/19C_9DE6pcfGrbW5nhbJWfUbmGSYC0NKlx7T0ZFjLIQKg1thre/AllItems.aspx"
"2006","Blueprints","Child","/sites/ParksDepartment/Blueprints/Forms/AllItems.aspx"
"1031","Home","Parent","/sites/RecreationDepartment"
"2002","Conversations","Parent","/sites/RecreationDepartment/_layouts/15/groupstatus.aspx?Target=CONVERSATIONS&Source=QuickLaunch"
"2003","Documents","Parent","/sites/RecreationDepartment/Shared Documents/Forms/AllItems.aspx"
"2004","Notebook","Parent","/sites/RecreationDepartment/_layouts/15/Doc.aspx?sourcedoc={7615f47a-ec90-491e-855e-3a579738e550}&action=editnew"
"2005","Pages","Parent","/sites/RecreationDepartment/SitePages/Forms/ByAuthor.aspx"
"1034","Site contents","Parent","/sites/RecreationDepartment/_layouts/15/viewlsts.aspx"
"1031","Home","Parent","/sites/UrbanForestryDepartment"
"2002","Conversations","Parent","/sites/UrbanForestryDepartment/_layouts/15/groupstatus.aspx?Target=CONVERSATIONS&Source=QuickLaunch"
"2003","Documents","Parent","/sites/UrbanForestryDepartment/Shared Documents/Forms/AllItems.aspx"
"2004","Notebook","Parent","/sites/UrbanForestryDepartment/_layouts/15/groupstatus.aspx?Target=NOTEBOOK"
"2005","Pages","Parent","/sites/UrbanForestryDepartment/SitePages/Forms/ByAuthor.aspx"
"1034","Site contents","Parent","/sites/UrbanForestryDepartment/_layouts/15/viewlsts.aspx"
"1031","Home","Parent","/sites/StreetsDepartment"
"2070","Documents","Parent","/sites/StreetsDepartment/Shared Documents/Forms/AllItems.aspx"
"2073","Snow Operations FAQ","Parent","/sites/StreetsDepartment/_layouts/15/Doc.aspx?sourcedoc=%7BD248C673-D907-4968-A00C-DD92202730B2%7D&file=Snow%20Operations%20FAQs%20-%202023.xlsx&action=default&mobileredirect=true"
"2040","Snow Tracker","Parent","/sites/StreetsDepartment/Lists/SnowIssues/Entered Issues.aspx"
"2053","Vehicle Maintenance Requests","Parent","https://postfallsidahoorg.sharepoint.com/sites/PublicWorks/Lists/VehicleMaintenanceRequests"
"2052","Admin","Parent",""
"2062","NITRO Apps","Child","/sites/StreetsDepartment/_layouts/15/appredirect.aspx?client_id=1fecf81a-a6de-47d8-97b9-f23164792f2d&redirect_uri=https%3a%2f%2fnitrostudio.azurewebsites.net%2FPages%2FNitroApps.aspx%3F{StandardTokens}%26r_webId=ce784d42-b5b4-4fb1-9c51-bdf22ee116fc"
"2068","NITRO Branding","Child","/sites/StreetsDepartment/SitePages/CCSBrandingSettings.aspx"
"2066","Navigation","Child","/sites/StreetsDepartment/_layouts/15/AreaNavigationSettings.aspx"
"2067","Helpful SP URLs","Child","/sites/StreetsDepartment/Lists/Helpful_SP_URLs"
"2065","Site Settings","Child","/sites/StreetsDepartment/_layouts/15/settings.aspx"
"2064","Site Contents","Child","/sites/StreetsDepartment/_layouts/15/viewlsts.aspx?view=14"
"1033","Recent","Parent",""
"2055","Helpful SP URLs","Child","/sites/StreetsDepartment/Lists/Helpful_SP_URLs/AllItems.aspx"
"2028","CCSWFHistory_Snow Tracker_1","Child","/sites/StreetsDepartment/Lists/CCSWFHistory_Snow Tracker_1/Last 7 Days.aspx"
"2027","CCSWFHistory_Snow Tracker_Common","Child","/sites/StreetsDepartment/Lists/CCSWFHistory_Snow Tracker_Common/Last 7 Days.aspx"
"2026","CCSWFHistory_Vehicle Maintenance Requests_1","Child","/sites/StreetsDepartment/Lists/CCSWFHistory_Vehicle Maintenance Requests_1/Last 7 Days.aspx"
"2025","CCSWFHistory_Vehicle Maintenance Requests_Common","Child","/sites/StreetsDepartment/Lists/CCSWFHistory_Vehicle Maintenance Requests_Common/Last 7 Days.aspx"
"1031","Home","Parent","/sites/FacilitiesMaintenance"
"2002","Conversations","Parent","/sites/FacilitiesMaintenance/_layouts/15/groupstatus.aspx?Target=CONVERSATIONS&Source=QuickLaunch"
"2003","Documents","Parent","/sites/FacilitiesMaintenance/Shared Documents/Forms/AllItems.aspx"
"2004","Notebook","Parent","/sites/FacilitiesMaintenance/_layouts/15/Doc.aspx?sourcedoc={e3d011d2-c9b5-4475-96a4-a61fcba04318}&action=editnew"
"2005","Pages","Parent","/sites/FacilitiesMaintenance/SitePages/Forms/ByAuthor.aspx"
"1033","Recent","Parent",""
"2006","Meeting Rooms","Child","/sites/FacilitiesMaintenance/Lists/Meeting Rooms/calendar.aspx"
"1034","Site contents","Parent","/sites/FacilitiesMaintenance/_layouts/15/viewlsts.aspx"
"1031","Home","Parent","/sites/MediaDepartment"
"2002","Conversations","Parent","/sites/MediaDepartment/_layouts/15/groupstatus.aspx?Target=CONVERSATIONS&Source=QuickLaunch"
"2003","Documents","Parent","/sites/MediaDepartment/Shared Documents/Forms/AllItems.aspx"
"2004","Notebook","Parent","/sites/MediaDepartment/_layouts/15/Doc.aspx?sourcedoc={407e1974-d5cc-4c9e-b2cf-be7cf4d1a08a}&action=editnew"
"2005","Pages","Parent","/sites/MediaDepartment/SitePages/Forms/ByAuthor.aspx"
"2007","Press","Parent","/sites/MediaDepartment/Press/Forms/By Year.aspx?viewid=35675ddf%2D2f67%2D4cfa%2D892e%2D9bb8be412c21"
"1034","Site contents","Parent","/sites/MediaDepartment/_layouts/15/viewlsts.aspx"
"2014","Admin","Parent",""
"2015","NITRO Apps","Child","/sites/MediaDepartment/_layouts/15/appredirect.aspx?client_id=1fecf81a-a6de-47d8-97b9-f23164792f2d&redirect_uri=https%3a%2f%2fnitrostudio.azurewebsites.net%2FPages%2FNitroApps.aspx%3F{StandardTokens}%26r_webId=ce784d42-b5b4-4fb1-9c51-bdf22ee116fc"
"2016","Navigation","Child","/sites/MediaDepartment/_layouts/15/AreaNavigationSettings.aspx"
"2017","Site Settings","Child","/sites/MediaDepartment/_layouts/15/settings.aspx"
"2018","Site Contents","Child","/sites/MediaDepartment/_layouts/15/viewlsts.aspx?view=14"
"1033","Recent","Parent",""
"2010","19:f70e722aa5ac41d18069ec5df00dc322@thread.tacv2_wiki","Child","/sites/MediaDepartment/Lists/19f70e722aa5ac41d18069ec5df00dc322threadtacv2_wiki/AllItems.aspx"
"2009","Teams Wiki Data","Child","/sites/MediaDepartment/Teams Wiki Data/Forms/AllItems.aspx"
"2008","19:b3b4rnREuvQEM2DKGKNFc9W-htZjTYV65z5PORZJJhs1@thread.tacv2_wiki","Child","/sites/MediaDepartment/Lists/19b3b4rnREuvQEM2DKGKNFc9WhtZjTYV65z5PORZJJhs1threa/AllItems.aspx"
"2006","Press","Child","/sites/MediaDepartment/Press/Forms/AllItems.aspx"
"1031","Home","Parent","/sites/GISDeptartment"
"2002","Conversations","Parent","/sites/GISDeptartment/_layouts/15/groupstatus.aspx?Target=CONVERSATIONS&Source=QuickLaunch"
"2003","Documents","Parent","/sites/GISDeptartment/Shared Documents/Forms/AllItems.aspx"
"2004","Notebook","Parent","/sites/GISDeptartment/_layouts/15/Doc.aspx?sourcedoc={c75cde12-3ab8-4a7c-a79e-8327c52a9836}&action=editnew"
"2005","Pages","Parent","/sites/GISDeptartment/SitePages/Forms/ByAuthor.aspx"
"1034","Site contents","Parent","/sites/GISDeptartment/_layouts/15/viewlsts.aspx"
"1033","Recent","Parent",""
"2009","Teams Wiki Data","Child","/sites/GISDeptartment/Teams Wiki Data/Forms/AllItems.aspx"
"2008","19:HtOczbZFZMWKP1PSlOc1v8VrVayjbN1Mf4CUQ1b338M1@thread.tacv2_wiki","Child","/sites/GISDeptartment/Lists/19HtOczbZFZMWKP1PSlOc1v8VrVayjbN1Mf4CUQ1b338M1thre/AllItems.aspx"
"1031","Home","Parent","/sites/WaterDepartment"
"2002","Conversations","Parent","/sites/WaterDepartment/_layouts/15/groupstatus.aspx?Target=CONVERSATIONS&Source=QuickLaunch"
"2003","Documents","Parent","/sites/WaterDepartment/Shared Documents/Forms/AllItems.aspx"
"2004","Notebook","Parent","/sites/WaterDepartment/_layouts/15/Doc.aspx?sourcedoc={7a74d7dc-d39f-45b4-b93b-08fb9aa079f3}&action=editnew"
"2005","Pages","Parent","/sites/WaterDepartment/SitePages/Forms/ByAuthor.aspx"
"2008","Admin","Parent",""
"2009","NITRO Apps","Child","/sites/WaterDepartment/_layouts/15/appredirect.aspx?client_id=1fecf81a-a6de-47d8-97b9-f23164792f2d&redirect_uri=https%3a%2f%2fnitrostudio.azurewebsites.net%2FPages%2FNitroApps.aspx%3F{StandardTokens}%26r_webId=919ca7ab-a8f7-4b24-97dd-0cf15f65396b"
"2012","Navigation","Child","/sites/WaterDepartment/_layouts/15/AreaNavigationSettings.aspx"
"2011","Site Settings","Child","/sites/WaterDepartment/_layouts/15/settings.aspx"
"2010","Site Contents","Child","/sites/WaterDepartment/_layouts/15/viewlsts.aspx?view=14"
"1034","Site contents","Parent","/sites/WaterDepartment/_layouts/15/viewlsts.aspx"
"1033","Recent","Parent",""
"2007","Teams Wiki Data","Child","/sites/WaterDepartment/Teams Wiki Data/Forms/AllItems.aspx"
"2006","19:sPbcZK0KSO5cMiQNWWkNEc-LYV0ZJZUsjxtX0pmOKYc1@thread.tacv2_wiki","Child","/sites/WaterDepartment/Lists/19sPbcZK0KSO5cMiQNWWkNEcLYV0ZJZUsjxtX0pmOKYc1threa/AllItems.aspx"
"1031","Home","Parent","/sites/WaterDepartment"
"2007","Teams Wiki Data","Child","/sites/WaterDepartment/Teams Wiki Data/Forms/AllItems.aspx"
"2006","19:sPbcZK0KSO5cMiQNWWkNEc-LYV0ZJZUsjxtX0pmOKYc1@thread.tacv2_wiki","Child","/sites/WaterDepartment/Lists/19sPbcZK0KSO5cMiQNWWkNEcLYV0ZJZUsjxtX0pmOKYc1threa/AllItems.aspx"
"2002","Conversations","Parent","/sites/WaterDepartment/_layouts/15/groupstatus.aspx?Target=CONVERSATIONS&Source=QuickLaunch"
"2007","Teams Wiki Data","Child","/sites/WaterDepartment/Teams Wiki Data/Forms/AllItems.aspx"
"2006","19:sPbcZK0KSO5cMiQNWWkNEc-LYV0ZJZUsjxtX0pmOKYc1@thread.tacv2_wiki","Child","/sites/WaterDepartment/Lists/19sPbcZK0KSO5cMiQNWWkNEcLYV0ZJZUsjxtX0pmOKYc1threa/AllItems.aspx"
"2003","Documents","Parent","/sites/WaterDepartment/Shared Documents/Forms/AllItems.aspx"
"2007","Teams Wiki Data","Child","/sites/WaterDepartment/Teams Wiki Data/Forms/AllItems.aspx"
"2006","19:sPbcZK0KSO5cMiQNWWkNEc-LYV0ZJZUsjxtX0pmOKYc1@thread.tacv2_wiki","Child","/sites/WaterDepartment/Lists/19sPbcZK0KSO5cMiQNWWkNEcLYV0ZJZUsjxtX0pmOKYc1threa/AllItems.aspx"
"2004","Notebook","Parent","/sites/WaterDepartment/_layouts/15/Doc.aspx?sourcedoc={7a74d7dc-d39f-45b4-b93b-08fb9aa079f3}&action=editnew"
"2007","Teams Wiki Data","Child","/sites/WaterDepartment/Teams Wiki Data/Forms/AllItems.aspx"
"2006","19:sPbcZK0KSO5cMiQNWWkNEc-LYV0ZJZUsjxtX0pmOKYc1@thread.tacv2_wiki","Child","/sites/WaterDepartment/Lists/19sPbcZK0KSO5cMiQNWWkNEcLYV0ZJZUsjxtX0pmOKYc1threa/AllItems.aspx"
"2005","Pages","Parent","/sites/WaterDepartment/SitePages/Forms/ByAuthor.aspx"
"2007","Teams Wiki Data","Child","/sites/WaterDepartment/Teams Wiki Data/Forms/AllItems.aspx"
"2006","19:sPbcZK0KSO5cMiQNWWkNEc-LYV0ZJZUsjxtX0pmOKYc1@thread.tacv2_wiki","Child","/sites/WaterDepartment/Lists/19sPbcZK0KSO5cMiQNWWkNEcLYV0ZJZUsjxtX0pmOKYc1threa/AllItems.aspx"
"2008","Admin","Parent",""
"2007","Teams Wiki Data","Child","/sites/WaterDepartment/Teams Wiki Data/Forms/AllItems.aspx"
"2006","19:sPbcZK0KSO5cMiQNWWkNEc-LYV0ZJZUsjxtX0pmOKYc1@thread.tacv2_wiki","Child","/sites/WaterDepartment/Lists/19sPbcZK0KSO5cMiQNWWkNEcLYV0ZJZUsjxtX0pmOKYc1threa/AllItems.aspx"
"1034","Site contents","Parent","/sites/WaterDepartment/_layouts/15/viewlsts.aspx"
"2007","Teams Wiki Data","Child","/sites/WaterDepartment/Teams Wiki Data/Forms/AllItems.aspx"
"2006","19:sPbcZK0KSO5cMiQNWWkNEc-LYV0ZJZUsjxtX0pmOKYc1@thread.tacv2_wiki","Child","/sites/WaterDepartment/Lists/19sPbcZK0KSO5cMiQNWWkNEcLYV0ZJZUsjxtX0pmOKYc1threa/AllItems.aspx"
"1033","Recent","Parent",""
"2007","Teams Wiki Data","Child","/sites/WaterDepartment/Teams Wiki Data/Forms/AllItems.aspx"
"2006","19:sPbcZK0KSO5cMiQNWWkNEc-LYV0ZJZUsjxtX0pmOKYc1@thread.tacv2_wiki","Child","/sites/WaterDepartment/Lists/19sPbcZK0KSO5cMiQNWWkNEcLYV0ZJZUsjxtX0pmOKYc1threa/AllItems.aspx"
"1031","Home","Parent","/sites/CityEmployeeEvents"
"2030","Events","Parent","/sites/CityEmployeeEvents/Lists/RXZlbnRz/AllItems.aspx"
"2007","Event Dates","Parent","/sites/CityEmployeeEvents/Lists/RXZlbnRUZXJtaW5l/AllItems.aspx"
"2009","Additional Information","Parent","/sites/CityEmployeeEvents/Lists/AdditionalInformation/AllItems.aspx"
"2033","Admin","Parent","http://linkless.header/"
"2034","NITRO Apps","Child","/sites/CityEmployeeEvents/_layouts/15/appredirect.aspx?client_id=1fecf81a-a6de-47d8-97b9-f23164792f2d&redirect_uri=https%3a%2f%2fnitrostudio.azurewebsites.net%2FPages%2FNitroApps.aspx%3F{StandardTokens}%26r_webId=a09a8f46-4864-4d75-850d-6a9f8186cce3"
"2012","Site Assets","Child","/sites/CityEmployeeEvents/SiteAssets/Forms/AllItems.aspx"
"2039","Navigation","Child","/sites/CityEmployeeEvents/_layouts/15/AreaNavigationSettings.aspx"
"2038","Site Settings","Child","/sites/CityEmployeeEvents/_layouts/15/settings.aspx"
"2037","Site Contents","Child","/sites/CityEmployeeEvents/_layouts/15/viewlsts.aspx?view=14"
"1033","Recent","Parent",""
"2032","CCSAdvancedApprovalLog","Child","/sites/CityEmployeeEvents/Lists/CCSAdvancedApprovalLog/Last 7 Days.aspx"
"2027","CCSWFHistory_Common_ErrorLogs","Child","/sites/CityEmployeeEvents/Lists/CCSWFHistory_Common_ErrorLogs/Last 7 Days.aspx"
"2026","CrowCanyonMailTemplates","Child","/sites/CityEmployeeEvents/Lists/CrowCanyonMailTemplates/AllItems.aspx"
"2025","Send Mails","Child","/sites/CityEmployeeEvents/Lists/Send Mails/AllItems.aspx"
"2024","NITROUserPreferences","Child","/sites/CityEmployeeEvents/Lists/NITROUserPreferences/AllItems.aspx"
"1031","Home","Parent","/sites/DepartmentHeads"
"2048","Personal User Manual","Parent","/sites/DepartmentHeads/Lists/PersonalUserManual/My Manual.aspx"
"2052","PUM Instructions","Child","/sites/DepartmentHeads/Shared Documents/Personal User Manual Instuctions.pdf"
"2002","Conversations","Parent","/sites/DepartmentHeads/_layouts/15/groupstatus.aspx?Target=CONVERSATIONS&Source=QuickLaunch"
"2003","Documents","Parent","/sites/DepartmentHeads/Shared Documents/Forms/AllItems.aspx"
"2004","Notebook","Parent","/sites/DepartmentHeads/_layouts/15/Doc.aspx?sourcedoc={c03d034a-5aab-4a8b-b024-4ccb98700d28}&action=editnew"
"2005","Pages","Parent","/sites/DepartmentHeads/SitePages/Forms/ByAuthor.aspx"
"2008","Admin","Parent",""
"2009","NITRO Apps","Child","/sites/DepartmentHeads/_layouts/15/appredirect.aspx?client_id=1fecf81a-a6de-47d8-97b9-f23164792f2d&redirect_uri=https%3a%2f%2fnitrostudio.azurewebsites.net%2FPages%2FNitroApps.aspx%3F{StandardTokens}%26r_webId=919ca7ab-a8f7-4b24-97dd-0cf15f65396b"
"2049","PUM - PD","Child","/sites/DepartmentHeads/SitePages/CCSNewForm.aspx?ListID=db0fe898-4f7f-41ad-946d-0e6714dc7658&Source=https%3A%2F%2Fpostfallsidahoorg.sharepoint.com"
"2012","Navigation","Child","/sites/DepartmentHeads/_layouts/15/AreaNavigationSettings.aspx"
"2011","Site Settings","Child","/sites/DepartmentHeads/_layouts/15/settings.aspx"
"2010","Site Contents","Child","/sites/DepartmentHeads/_layouts/15/viewlsts.aspx?view=14"
"2034","Temp","Parent",""
"2030","Departments","Child","/sites/DepartmentHeads/Lists/Departments/AllItems.aspx"
"2031","Executive Training Requests","Child","/sites/DepartmentHeads/Lists/ETR/Arts Public.aspx"
"2033","Executive Training Requests - Approval Tasks","Child","/sites/DepartmentHeads/Lists/Executive Training Requests  Approval Tasks/AllItems.aspx"
"2032","Executive Training Requests - Approval Status","Child","/sites/DepartmentHeads/Lists/Executive Training Requests  Approval Status/AllItems.aspx"
"2045","Council Staff Reports","Parent","/sites/DepartmentHeads/Lists/CouncilStaffReports/AllItems.aspx"
"2047","CMSR","Parent","/sites/DepartmentHeads/Lists/CMSR/AllItems.aspx"
"1033","Recent","Parent",""
"2051","BrightMetricsCallSummary","Child","/sites/DepartmentHeads/Lists/BrightMetricsCallSummary/AllItems.aspx"
"2050","BrightMetricsCallReport","Child","/sites/DepartmentHeads/Lists/BrightMetricsCallReport/AllItems.aspx"
"2037","ETR Old","Child","/sites/DepartmentHeads/Lists/ETROld/AllItems.aspx"
"2036","CCSAdvancedApprovalLog","Child","/sites/DepartmentHeads/Lists/CCSAdvancedApprovalLog/Last 7 Days.aspx"
"2035","NITROWorkflowSettings","Child","/sites/DepartmentHeads/NITROWorkflowSettings/Forms/AllItems.aspx"
"1031","Home","Parent","/sites/PublicWorks"
"2070","Fleet","Parent","/sites/PublicWorks/SitePages/Fleet.aspx"
"2069","2024 New Trucks Spreadsheet","Child","/sites/PublicWorks/_layouts/15/guestaccess.aspx?e=TqYQpe&share=Ef0-jUVygc5Mh3NfBjooeGQBLY3i-F5yEwZfWozzEwfz4Q"
"2068","2024 New Trucks List","Child","/sites/PublicWorks/Lists/2024NewTrucks"
"2003","Documents","Parent","/sites/PublicWorks/Shared Documents/Forms/AllItems.aspx"
"2064","Equipment Repair Manuals","Parent","/sites/PublicWorks/EquipmentRepairManuals/Forms/AllItems.aspx"
"2049","Vehicle Maintenance Requests","Parent","/sites/PublicWorks/Lists/VehicleMaintenanceRequests/WebView.aspx"
"2066","Maintenance Calendar","Parent","/sites/PublicWorks/Lists/VehicleMaintenanceRequests/Calendar.aspx"
"2038","Admin","Parent",""
"2039","NITRO Apps","Child","/sites/PublicWorks/_layouts/15/appredirect.aspx?client_id=1fecf81a-a6de-47d8-97b9-f23164792f2d&redirect_uri=https%3a%2f%2fnitrostudio.azurewebsites.net%2FPages%2FNitroApps.aspx%3F{StandardTokens}%26r_webId=53ac5f50-e6b3-49be-ba62-431a4d6214d9"
"2061","NITRO Branding","Child","/sites/PublicWorks/SitePages/CCSBrandingSettings.aspx"
"2043","Navigation","Child","/sites/PublicWorks/_layouts/15/AreaNavigationSettings.aspx"
"2042","Site Settings","Child","/sites/PublicWorks/_layouts/15/settings.aspx"
"2041","Site Contents","Child","/sites/PublicWorks/_layouts/15/viewlsts.aspx?view=14"
"1033","Recent","Parent",""
"2017","Send Mails","Child","/sites/PublicWorks/Lists/Send Mails/AllItems.aspx"
"2016","NITROUserPreferences","Child","/sites/PublicWorks/Lists/NITROUserPreferences/AllItems.aspx"
"2015","CrowCanyonAppsEmails","Child","/sites/PublicWorks/Lists/CrowCanyonAppsEmails/AllItems.aspx"
"2014","CrowCanyonAppsLib","Child","/sites/PublicWorks/CrowCanyonAppsLib/Forms/AllItems.aspx"
"2013","Crow Canyon NITRO Workflows","Child","/sites/PublicWorks/_layouts/15/appredirect.aspx?instance_id={B5F5D76F-3E28-4B09-AB88-274DBFA794C6}&quick_launch=1"
"1031","Home","Parent","/sites/Engineering"
"2002","Conversations","Parent","/sites/Engineering/_layouts/15/groupstatus.aspx?Target=CONVERSATIONS&Source=QuickLaunch"
"2003","Documents","Parent","/sites/Engineering/Shared Documents/Forms/AllItems.aspx"
"2004","Notebook","Parent","/sites/Engineering/_layouts/15/Doc.aspx?sourcedoc={79cf30a5-0ead-4442-9486-9b7761e27ad8}&action=editnew"
"2005","Pages","Parent","/sites/Engineering/SitePages/Forms/ByAuthor.aspx"
"2011","Admin","Parent",""
"2010","Navigation","Child","/sites/Engineering/_layouts/15/AreaNavigationSettings.aspx"
"2017","Helpful SP URLs","Child","/sites/Engineering/Lists/Helpful_SP_URLs"
"2008","Site Contents","Child","/sites/Engineering/_layouts/15/viewlsts.aspx?view=14"
"2009","Site Settings","Child","/sites/Engineering/_layouts/15/settings.aspx"
"1034","Site contents","Parent","/sites/Engineering/_layouts/15/viewlsts.aspx"
"1033","Recent","Parent",""
"2016","Helpful SP URLs","Child","/sites/Engineering/Lists/Helpful_SP_URLs/AllItems.aspx"
"2019","Bike to Work Week","Parent","/sites/Engineering/Bike_to_Work_Week/Forms/AllItems.aspx"
"1031","Project Home","Parent","/sites/ProjectDrive"
"2017","Project Updates","Child","/sites/ProjectDrive/Lists/ProjectUpdates/Current.aspx"
"2018","Update cheat sheet","Child","/sites/ProjectDrive/SiteAssets/Monthly Project Updates cheat sheet.pdf"
"2002","Conversations","Parent","/sites/ProjectDrive/_layouts/15/groupstatus.aspx?Target=CONVERSATIONS&Source=QuickLaunch"
"2003","Project Library","Parent","/sites/ProjectDrive/Shared Documents/Forms/AllItems.aspx"
"2004","Notebook","Parent","/sites/ProjectDrive/_layouts/15/Doc.aspx?sourcedoc={42734f0a-1c96-4ac4-9f3c-57d0cb0c36e8}&action=editnew"
"2026","Executive Training","Parent",""
"2027","Executive Training Requests","Child","/sites/ProjectDrive/Lists/ExecutiveTrainingRequests"
"2028","ETR Approval Status","Child","/sites/ProjectDrive/Lists/ETRApprovalStatus"
"2029","ETR Approval Tasks","Child","/sites/ProjectDrive/Lists/ETRApprovalTasks"
"1033","Recent","Parent",""
"2030","Crow Canyon NITRO Studio","Child","/sites/ProjectDrive/_layouts/15/appredirect.aspx?instance_id={B1649C4B-43C6-480A-A090-AB37D4117228}&quick_launch=1"
"2019","ETRold","Child","/sites/ProjectDrive/Lists/ETRold/AllItems.aspx"
"2006","Project Tasks","Child","/sites/ProjectDrive/Lists/Project Tasks/Active Tasks.aspx"
"2012","Admin","Parent",""
"2013","NITRO Apps","Child","/sites/ProjectDrive/_layouts/15/appredirect.aspx?client_id=1fecf81a-a6de-47d8-97b9-f23164792f2d&redirect_uri=https%3a%2f%2fnitrostudio.azurewebsites.net%2FPages%2FNitroApps.aspx%3F{StandardTokens}%26r_webId=871fdd0b-bff2-4c69-ad4c-7c37bb014ccd"
"2014","Site Contents","Child","/sites/ProjectDrive/_layouts/15/viewlsts.aspx?view=14"
"2015","Site Settings","Child","/sites/ProjectDrive/_layouts/15/settings.aspx"
"2016","Navigation","Child","/sites/ProjectDrive/_layouts/15/AreaNavigationSettings.aspx"
"1031","Project Home","Parent","/sites/ProjectDrive"
"2013","NITRO Apps","Child","/sites/ProjectDrive/_layouts/15/appredirect.aspx?client_id=1fecf81a-a6de-47d8-97b9-f23164792f2d&redirect_uri=https%3a%2f%2fnitrostudio.azurewebsites.net%2FPages%2FNitroApps.aspx%3F{StandardTokens}%26r_webId=871fdd0b-bff2-4c69-ad4c-7c37bb014ccd"
"2014","Site Contents","Child","/sites/ProjectDrive/_layouts/15/viewlsts.aspx?view=14"
"2015","Site Settings","Child","/sites/ProjectDrive/_layouts/15/settings.aspx"
"2016","Navigation","Child","/sites/ProjectDrive/_layouts/15/AreaNavigationSettings.aspx"
"2002","Conversations","Parent","/sites/ProjectDrive/_layouts/15/groupstatus.aspx?Target=CONVERSATIONS&Source=QuickLaunch"
"2013","NITRO Apps","Child","/sites/ProjectDrive/_layouts/15/appredirect.aspx?client_id=1fecf81a-a6de-47d8-97b9-f23164792f2d&redirect_uri=https%3a%2f%2fnitrostudio.azurewebsites.net%2FPages%2FNitroApps.aspx%3F{StandardTokens}%26r_webId=871fdd0b-bff2-4c69-ad4c-7c37bb014ccd"
"2014","Site Contents","Child","/sites/ProjectDrive/_layouts/15/viewlsts.aspx?view=14"
"2015","Site Settings","Child","/sites/ProjectDrive/_layouts/15/settings.aspx"
"2016","Navigation","Child","/sites/ProjectDrive/_layouts/15/AreaNavigationSettings.aspx"
"2003","Project Library","Parent","/sites/ProjectDrive/Shared Documents/Forms/AllItems.aspx"
"2013","NITRO Apps","Child","/sites/ProjectDrive/_layouts/15/appredirect.aspx?client_id=1fecf81a-a6de-47d8-97b9-f23164792f2d&redirect_uri=https%3a%2f%2fnitrostudio.azurewebsites.net%2FPages%2FNitroApps.aspx%3F{StandardTokens}%26r_webId=871fdd0b-bff2-4c69-ad4c-7c37bb014ccd"
"2014","Site Contents","Child","/sites/ProjectDrive/_layouts/15/viewlsts.aspx?view=14"
"2015","Site Settings","Child","/sites/ProjectDrive/_layouts/15/settings.aspx"
"2016","Navigation","Child","/sites/ProjectDrive/_layouts/15/AreaNavigationSettings.aspx"
"2004","Notebook","Parent","/sites/ProjectDrive/_layouts/15/Doc.aspx?sourcedoc={42734f0a-1c96-4ac4-9f3c-57d0cb0c36e8}&action=editnew"
"2013","NITRO Apps","Child","/sites/ProjectDrive/_layouts/15/appredirect.aspx?client_id=1fecf81a-a6de-47d8-97b9-f23164792f2d&redirect_uri=https%3a%2f%2fnitrostudio.azurewebsites.net%2FPages%2FNitroApps.aspx%3F{StandardTokens}%26r_webId=871fdd0b-bff2-4c69-ad4c-7c37bb014ccd"
"2014","Site Contents","Child","/sites/ProjectDrive/_layouts/15/viewlsts.aspx?view=14"
"2015","Site Settings","Child","/sites/ProjectDrive/_layouts/15/settings.aspx"
"2016","Navigation","Child","/sites/ProjectDrive/_layouts/15/AreaNavigationSettings.aspx"
"2026","Executive Training","Parent",""
"2013","NITRO Apps","Child","/sites/ProjectDrive/_layouts/15/appredirect.aspx?client_id=1fecf81a-a6de-47d8-97b9-f23164792f2d&redirect_uri=https%3a%2f%2fnitrostudio.azurewebsites.net%2FPages%2FNitroApps.aspx%3F{StandardTokens}%26r_webId=871fdd0b-bff2-4c69-ad4c-7c37bb014ccd"
"2014","Site Contents","Child","/sites/ProjectDrive/_layouts/15/viewlsts.aspx?view=14"
"2015","Site Settings","Child","/sites/ProjectDrive/_layouts/15/settings.aspx"
"2016","Navigation","Child","/sites/ProjectDrive/_layouts/15/AreaNavigationSettings.aspx"
"1033","Recent","Parent",""
"2013","NITRO Apps","Child","/sites/ProjectDrive/_layouts/15/appredirect.aspx?client_id=1fecf81a-a6de-47d8-97b9-f23164792f2d&redirect_uri=https%3a%2f%2fnitrostudio.azurewebsites.net%2FPages%2FNitroApps.aspx%3F{StandardTokens}%26r_webId=871fdd0b-bff2-4c69-ad4c-7c37bb014ccd"
"2014","Site Contents","Child","/sites/ProjectDrive/_layouts/15/viewlsts.aspx?view=14"
"2015","Site Settings","Child","/sites/ProjectDrive/_layouts/15/settings.aspx"
"2016","Navigation","Child","/sites/ProjectDrive/_layouts/15/AreaNavigationSettings.aspx"
"2012","Admin","Parent",""
"2013","NITRO Apps","Child","/sites/ProjectDrive/_layouts/15/appredirect.aspx?client_id=1fecf81a-a6de-47d8-97b9-f23164792f2d&redirect_uri=https%3a%2f%2fnitrostudio.azurewebsites.net%2FPages%2FNitroApps.aspx%3F{StandardTokens}%26r_webId=871fdd0b-bff2-4c69-ad4c-7c37bb014ccd"
"2014","Site Contents","Child","/sites/ProjectDrive/_layouts/15/viewlsts.aspx?view=14"
"2015","Site Settings","Child","/sites/ProjectDrive/_layouts/15/settings.aspx"
"2016","Navigation","Child","/sites/ProjectDrive/_layouts/15/AreaNavigationSettings.aspx"
"1031","Home","Parent","/sites/SharePointTraining"
"2021","Review News","Parent","/sites/SharePointTraining/SitePages/Training-News.aspx"
"1033","Recent","Parent",""
"2022","Group emails by Conversation in Outlook","Parent","/sites/SharePointTraining/SitePages/Group-emails-by-Conversation-in-Outlook.aspx"
"2023","Documents 2024","Parent","/sites/SharePointTraining/Documents 2024/Forms/AllItems.aspx"
"1031","Home","Parent","/sites/SharePointTraining"
"2021","Review News","Parent","/sites/SharePointTraining/SitePages/Training-News.aspx"
"1033","Recent","Parent",""
"2022","Group emails by Conversation in Outlook","Parent","/sites/SharePointTraining/SitePages/Group-emails-by-Conversation-in-Outlook.aspx"
"2023","Documents 2024","Parent","/sites/SharePointTraining/Documents 2024/Forms/AllItems.aspx"
"1031","Home","Parent","/sites/SharePointTraining"
"2021","Review News","Parent","/sites/SharePointTraining/SitePages/Training-News.aspx"
"1033","Recent","Parent",""
"2022","Group emails by Conversation in Outlook","Parent","/sites/SharePointTraining/SitePages/Group-emails-by-Conversation-in-Outlook.aspx"
"2023","Documents 2024","Parent","/sites/SharePointTraining/Documents 2024/Forms/AllItems.aspx"
"1031","Home","Parent","/sites/News"
"2033","üì∞ Instructions","Parent",""
"2034","Basic Instructions","Child","https://postfallsidahoorg.sharepoint.com/sites/SharePointTraining/SitePages/Creating-News-Items-in-Sharepoint---Basic-version.aspx"
"2032","Advanced Instructions","Child","https://postfallsidahoorg.sharepoint.com/sites/SharePointTraining/SitePages/Add-a-News-item-to-Sharepoint.aspx"
"2002","Conversations","Parent","/sites/News/_layouts/15/groupstatus.aspx?Target=CONVERSATIONS&Source=QuickLaunch"
"2029","News Assets","Parent",""
"2003","Documents","Child","/sites/News/Shared Documents/Forms/AllItems.aspx"
"2005","Site Pages","Child","/sites/News/SitePages"
"2028","Site Assets","Child","/sites/News/SiteAssets/Forms/AllItems.aspx"
"2004","Notebook","Parent","/sites/News/_layouts/15/Doc.aspx?sourcedoc={eb28cb8e-5491-4435-9e20-a1adfe47f4d4}&action=editnew"
"2006","Admin","Parent",""
"2021","NITRO Apps","Child","/sites/News/_layouts/15/appredirect.aspx?client_id=1fecf81a-a6de-47d8-97b9-f23164792f2d&redirect_uri=https%3a%2f%2fnitrostudio.azurewebsites.net%2FPages%2FNitroApps.aspx%3F{StandardTokens}%26r_webId=6906bea9-c78a-40d0-8c98-b5e93bbead37"
"2035","Calendar","Child","https://outlook.office365.com/calendar/group/postfalls.gov/News"
"2026","Navigation","Child","/sites/News/_layouts/15/AreaNavigationSettings.aspx"
"2025","Site Settings","Child","/sites/News/_layouts/15/settings.aspx"
"2024","Site Contents","Child","/sites/News/_layouts/15/viewlsts.aspx?view=14"
"1033","Recent","Parent",""
"2030","CCSAdvancedApprovalLog","Child","/sites/News/Lists/CCSAdvancedApprovalLog/Last 7 Days.aspx"
"2020","NITROMailTemplates","Child","/sites/News/NITROMailTemplates/Forms/AllItems.aspx"
"2017","CCSWFHistory_Common_ErrorLogs","Child","/sites/News/Lists/CCSWFHistory_Common_ErrorLogs/Last 7 Days.aspx"
"2016","CrowCanyonMailTemplates","Child","/sites/News/Lists/CrowCanyonMailTemplates/AllItems.aspx"
"2015","Send Mails","Child","/sites/News/Lists/Send Mails/AllItems.aspx"
"1031","Home","Parent","/sites/News"
"2030","CCSAdvancedApprovalLog","Child","/sites/News/Lists/CCSAdvancedApprovalLog/Last 7 Days.aspx"
"2020","NITROMailTemplates","Child","/sites/News/NITROMailTemplates/Forms/AllItems.aspx"
"2017","CCSWFHistory_Common_ErrorLogs","Child","/sites/News/Lists/CCSWFHistory_Common_ErrorLogs/Last 7 Days.aspx"
"2016","CrowCanyonMailTemplates","Child","/sites/News/Lists/CrowCanyonMailTemplates/AllItems.aspx"
"2015","Send Mails","Child","/sites/News/Lists/Send Mails/AllItems.aspx"
"2033","üì∞ Instructions","Parent",""
"2030","CCSAdvancedApprovalLog","Child","/sites/News/Lists/CCSAdvancedApprovalLog/Last 7 Days.aspx"
"2020","NITROMailTemplates","Child","/sites/News/NITROMailTemplates/Forms/AllItems.aspx"
"2017","CCSWFHistory_Common_ErrorLogs","Child","/sites/News/Lists/CCSWFHistory_Common_ErrorLogs/Last 7 Days.aspx"
"2016","CrowCanyonMailTemplates","Child","/sites/News/Lists/CrowCanyonMailTemplates/AllItems.aspx"
"2015","Send Mails","Child","/sites/News/Lists/Send Mails/AllItems.aspx"
"2002","Conversations","Parent","/sites/News/_layouts/15/groupstatus.aspx?Target=CONVERSATIONS&Source=QuickLaunch"
"2030","CCSAdvancedApprovalLog","Child","/sites/News/Lists/CCSAdvancedApprovalLog/Last 7 Days.aspx"
"2020","NITROMailTemplates","Child","/sites/News/NITROMailTemplates/Forms/AllItems.aspx"
"2017","CCSWFHistory_Common_ErrorLogs","Child","/sites/News/Lists/CCSWFHistory_Common_ErrorLogs/Last 7 Days.aspx"
"2016","CrowCanyonMailTemplates","Child","/sites/News/Lists/CrowCanyonMailTemplates/AllItems.aspx"
"2015","Send Mails","Child","/sites/News/Lists/Send Mails/AllItems.aspx"
"2029","News Assets","Parent",""
"2030","CCSAdvancedApprovalLog","Child","/sites/News/Lists/CCSAdvancedApprovalLog/Last 7 Days.aspx"
"2020","NITROMailTemplates","Child","/sites/News/NITROMailTemplates/Forms/AllItems.aspx"
"2017","CCSWFHistory_Common_ErrorLogs","Child","/sites/News/Lists/CCSWFHistory_Common_ErrorLogs/Last 7 Days.aspx"
"2016","CrowCanyonMailTemplates","Child","/sites/News/Lists/CrowCanyonMailTemplates/AllItems.aspx"
"2015","Send Mails","Child","/sites/News/Lists/Send Mails/AllItems.aspx"
"2004","Notebook","Parent","/sites/News/_layouts/15/Doc.aspx?sourcedoc={eb28cb8e-5491-4435-9e20-a1adfe47f4d4}&action=editnew"
"2030","CCSAdvancedApprovalLog","Child","/sites/News/Lists/CCSAdvancedApprovalLog/Last 7 Days.aspx"
"2020","NITROMailTemplates","Child","/sites/News/NITROMailTemplates/Forms/AllItems.aspx"
"2017","CCSWFHistory_Common_ErrorLogs","Child","/sites/News/Lists/CCSWFHistory_Common_ErrorLogs/Last 7 Days.aspx"
"2016","CrowCanyonMailTemplates","Child","/sites/News/Lists/CrowCanyonMailTemplates/AllItems.aspx"
"2015","Send Mails","Child","/sites/News/Lists/Send Mails/AllItems.aspx"
"2006","Admin","Parent",""
"2030","CCSAdvancedApprovalLog","Child","/sites/News/Lists/CCSAdvancedApprovalLog/Last 7 Days.aspx"
"2020","NITROMailTemplates","Child","/sites/News/NITROMailTemplates/Forms/AllItems.aspx"
"2017","CCSWFHistory_Common_ErrorLogs","Child","/sites/News/Lists/CCSWFHistory_Common_ErrorLogs/Last 7 Days.aspx"
"2016","CrowCanyonMailTemplates","Child","/sites/News/Lists/CrowCanyonMailTemplates/AllItems.aspx"
"2015","Send Mails","Child","/sites/News/Lists/Send Mails/AllItems.aspx"
"1033","Recent","Parent",""
"2030","CCSAdvancedApprovalLog","Child","/sites/News/Lists/CCSAdvancedApprovalLog/Last 7 Days.aspx"
"2020","NITROMailTemplates","Child","/sites/News/NITROMailTemplates/Forms/AllItems.aspx"
"2017","CCSWFHistory_Common_ErrorLogs","Child","/sites/News/Lists/CCSWFHistory_Common_ErrorLogs/Last 7 Days.aspx"
"2016","CrowCanyonMailTemplates","Child","/sites/News/Lists/CrowCanyonMailTemplates/AllItems.aspx"
"2015","Send Mails","Child","/sites/News/Lists/Send Mails/AllItems.aspx"
"1031","Home","Parent","/sites/EngineeringDepartment-RailroadDocs"
"2001","Pages","Parent","/sites/EngineeringDepartment-RailroadDocs/SitePages/Forms/ByAuthor.aspx"
"2002","Documents","Parent","/sites/EngineeringDepartment-RailroadDocs/Shared Documents/Forms/AllItems.aspx"
"2003","Parent Team","Parent","/sites/EngineeringDepartment-RailroadDocs/_layouts/15/groupstatus.aspx?Id=ee318acf-3a7d-4932-862e-94ebcd17d460&Target=PRIVATECHANNEL"
"1034","Site contents","Parent","/sites/EngineeringDepartment-RailroadDocs/_layouts/15/viewlsts.aspx"
"1031","Home","Parent","/sites/Shared"
"2002","Conversations","Parent","/sites/Shared/_layouts/15/groupstatus.aspx?Target=CONVERSATIONS&Source=QuickLaunch"
"2003","Documents","Parent","/sites/Shared/Shared Documents/Forms/AllItems.aspx"
"2004","Notebook","Parent","/sites/Shared/_layouts/15/groupstatus.aspx?Target=NOTEBOOK"
"2005","Pages","Parent","/sites/Shared/SitePages/Forms/ByAuthor.aspx"
"1034","Site contents","Parent","/sites/Shared/_layouts/15/viewlsts.aspx"
"2008","Admin","Parent",""
"2010","NITRO Apps","Child","/sites/Shared/_layouts/15/appredirect.aspx?client_id=1fecf81a-a6de-47d8-97b9-f23164792f2d&redirect_uri=https%3a%2f%2fnitrostudio.azurewebsites.net%2FPages%2FNitroApps.aspx%3F{StandardTokens}%26r_webId=67402603-29dc-4ea5-8b41-80cb3f43a0e1"
"2011","Navigation","Child","/sites/Shared/_layouts/15/AreaNavigationSettings.aspx"
"2014","Helpful SP URLs","Child","https://postfallsidahoorg.sharepoint.com/sites/CityHallITDept/Lists/Helpful_SP_URLs/AllItems.aspx"
"2012","Site Settings","Child","/sites/Shared/_layouts/15/settings.aspx"
"2013","Site Contents","Child","/sites/Shared/_layouts/15/viewlsts.aspx?view=14"
"2016","Emails Per User","Parent","/sites/Shared/Lists/EmailsPerUser/By Dept.aspx"
"1033","Recent","Parent",""
"2050","CCSWFService_Logs","Child","/sites/Shared/Lists/CCSWFService_Logs/AllItems.aspx"
"2048","Z_Drive_Migration","Child","/sites/Shared/Z_Drive_Migration/Forms/AllItems.aspx"
"2043","CCSAdvancedApprovalLog","Child","/sites/Shared/Lists/CCSAdvancedApprovalLog/Last 7 Days.aspx"
"2040","NITROWorkflowSettings","Child","/sites/Shared/NITROWorkflowSettings/Forms/AllItems.aspx"
"2039","NITROMailTemplates","Child","/sites/Shared/NITROMailTemplates/Forms/AllItems.aspx"
"2018","Email Activity Summary","Parent","/sites/Shared/Lists/EmailActivitySummary/AllItems.aspx"
"2019","Reports","Parent","/sites/Shared/Reports/Forms/AllItems.aspx"
"2037","Crow Canyon NITRO Apps","Parent","/sites/Shared/_layouts/15/appredirect.aspx?client_id=1fecf81a-a6de-47d8-97b9-f23164792f2d&redirect_uri=https%3a%2f%2fnitrostudio.azurewebsites.net%2FPages%2FNitroApps.aspx%3F{StandardTokens}%26r_webId=67402603-29dc-4ea5-8b41-80cb3f43a0e1"
"2038","Crow Canyon Branding (Modern sites)","Parent","/sites/Shared/SitePages/CCSBrandingSettings.aspx"
"2042","Reporting Dept","Parent","/sites/Shared/Lists/ReportingDept/AllItems.aspx"
"2044","PhoneCallsPeruser","Parent","/sites/Shared/Lists/PhoneCallsPeruser"
"2045","Phone Calls Per user","Parent","/sites/Shared/Lists/PhoneCallsPeruser/AllItems.aspx"
"1031","Home","Parent","/sites/Demo"
"2006","Conversations","Parent","/sites/Demo/_layouts/15/groupstatus.aspx?Target=CONVERSATIONS&Source=QuickLaunch"
"2007","Documents","Parent","/sites/Demo/Shared Documents/Forms/AllItems.aspx"
"2028","Demo Libraries","Child",""
"2029","Demo Lists","Child",""
"2008","Notebook","Parent","/sites/Demo/_layouts/15/Doc.aspx?sourcedoc={380277a6-f1fb-48ab-901d-4070d4d95767}&action=editnew"
"2009","Pages","Parent","/sites/Demo/SitePages/Forms/ByAuthor.aspx"
"2011","Admin","Parent",""
"2012","NITRO Apps","Child","/sites/Demo/_layouts/15/appredirect.aspx?client_id=1fecf81a-a6de-47d8-97b9-f23164792f2d&redirect_uri=https%3a%2f%2fnitrostudio.azurewebsites.net%2FPages%2FNitroApps.aspx%3F{StandardTokens}%26r_webId=948aacc6-2b31-4e85-a198-0f65ccd35055"
"2013","Navigation","Child","/sites/Demo/_layouts/15/AreaNavigationSettings.aspx"
"2014","Site Settings","Child","/sites/Demo/_layouts/15/settings.aspx"
"2015","Site Contents","Child","/sites/Demo/_layouts/15/viewlsts.aspx?view=14"
"2010","Site contents","Parent","/sites/Demo/_layouts/15/viewlsts.aspx"
"2034","Demo page 2","Parent","/sites/Demo/SitePages/Demo-Page-2.aspx"
"2020","üßæHandout","Parent","https://postfallsidahoorg.sharepoint.com/:b:/s/Shared/EeJq6xZt_WVCkcUZAIejA98B3iCNffvM-DlcsGstqQJW_g?e=YlKJnt"
"1033","Recent","Parent",""
"2018","Crow Canyon NITRO Workflows","Child","/sites/Demo/_layouts/15/appredirect.aspx?instance_id={12EEA5B7-A01A-44C9-BE21-D330548996A8}&quick_launch=1"
"1031","Home","Parent","/sites/CityHallITDept-MoveHDrivetoOneDriveProject"
"2001","Pages","Parent","/sites/CityHallITDept-MoveHDrivetoOneDriveProject/SitePages/Forms/ByAuthor.aspx"
"2002","Documents","Parent","/sites/CityHallITDept-MoveHDrivetoOneDriveProject/Shared Documents/Forms/AllItems.aspx"
"2004","Auto Connect Status","Child","/sites/CityHallITDept-MoveHDrivetoOneDriveProject/_layouts/15/guestaccess.aspx?e=bNEjAg&share=EVVtgNmAmFpIjbOvaPxZdZ4B5GYKNNpNNFmbchxU9Za80A"
"2005","Calendar","Child","https://postfallsidahoorg.sharepoint.com/sites/CityHallITDept/Lists/H%20Drive%20conversions/calendar.aspx"
"2003","Parent Team","Parent","/sites/CityHallITDept-MoveHDrivetoOneDriveProject/_layouts/15/groupstatus.aspx?Id=742de20a-a095-4d03-bdae-ef86e1a5627f&Target=PRIVATECHANNEL"
"1034","Site contents","Parent","/sites/CityHallITDept-MoveHDrivetoOneDriveProject/_layouts/15/viewlsts.aspx"
"1031","Home","Parent","/sites/CityHallITDept-MoveHDrivetoOneDriveProject"
"2001","Pages","Parent","/sites/CityHallITDept-MoveHDrivetoOneDriveProject/SitePages/Forms/ByAuthor.aspx"
"2002","Documents","Parent","/sites/CityHallITDept-MoveHDrivetoOneDriveProject/Shared Documents/Forms/AllItems.aspx"
"2003","Parent Team","Parent","/sites/CityHallITDept-MoveHDrivetoOneDriveProject/_layouts/15/groupstatus.aspx?Id=742de20a-a095-4d03-bdae-ef86e1a5627f&Target=PRIVATECHANNEL"
"1034","Site contents","Parent","/sites/CityHallITDept-MoveHDrivetoOneDriveProject/_layouts/15/viewlsts.aspx"
