"Title","Created","Site","Path","Search","Mod"
"MiscXferNotes","11/30/2022 10:28:43 PM","https://postfallsidahoorg-my.sharepoint.com/personal/amalin_postfalls_gov","https://postfallsidahoorg-my.sharepoint.com/personal/amalin_postfalls_gov/Documents/Documents/sharepoint/MiscXferNotes.xlsx","Alvin and Wolff","10/30/2023 9:51:58 PM"
"Liberty (178) - Third Party Subpoena for Documents- City of Post Falls 9-21-23(120941133.1)","10/10/2023 7:43:13 PM","https://postfallsidahoorg.sharepoint.com/sites/LegalDepartment","https://postfallsidahoorg.sharepoint.com/sites/LegalDepartment/Forms to Review/Legal Department/Claims & Litigation/2023 Liberty Bankers/Liberty (178) - Third Party Subpoena for Documents- City of Post Falls 9-21-23(120941133.1).docx","Alvin and Wolff","10/10/2023 7:07:05 PM"
"20230929 Subpoena Duces Tecum","10/10/2023 6:09:56 PM","https://postfallsidahoorg.sharepoint.com/sites/LegalDepartment","https://postfallsidahoorg.sharepoint.com/sites/LegalDepartment/Forms to Review/Legal Department/Claims & Litigation/2023 Liberty Bankers/20230929 Subpoena Duces Tecum.pdf","Alvin and Wolff","10/10/2023 6:09:34 PM"
"Riverbend Commerce Park Phase I - Easement [W-Exhibits] (02881539x9F871)","5/4/2023 6:12:54 PM","https://postfallsidahoorg.sharepoint.com/sites/CommunityDevelopment","https://postfallsidahoorg.sharepoint.com/sites/CommunityDevelopment/Shared Documents/Subdivision - Preliminary Plat/1999 and older Archive/Riverbend Commerce Park Phase I/000 Final Documents for RIVERBEND COMMERCE PARK PHASE I (ID 177734)/Riverbend Commerce Park Phase I - Easement [W-Exhibits] (02881539x9F871).PDF","Alvin and Wolff","4/17/2023 5:33:54 PM"
"Farmdale North Utility Easement  11.4.22.doc","5/4/2023 6:13:12 PM","https://postfallsidahoorg.sharepoint.com/sites/CommunityDevelopment","https://postfallsidahoorg.sharepoint.com/sites/CommunityDevelopment/Shared Documents/Subdivision - Preliminary Plat/1999 and older Archive/Riverbend Commerce Park Phase I/000 Final Documents for RIVERBEND COMMERCE PARK PHASE I (ID 177734)/Utility Easement.doc","Alvin and Wolff","3/24/2023 4:36:00 PM"
"September Account Balance Report - 9175.pdf","4/29/2021 4:38:24 PM","https://postfallsidahoorg.sharepoint.com/sites/FinanceDepartment","https://postfallsidahoorg.sharepoint.com/sites/FinanceDepartment/AuditDocuments1/2016/Utility-Monthly Account Balance Reports/September Account Balance Report - 9175 (ID 290885).pdf","Alvin and Wolff","3/2/2023 4:19:08 PM"
"October Account Balance Report - 1971.pdf","4/29/2021 4:38:21 PM","https://postfallsidahoorg.sharepoint.com/sites/FinanceDepartment","https://postfallsidahoorg.sharepoint.com/sites/FinanceDepartment/AuditDocuments1/2017/Utility-Monthly Account Balance Reports/October Account Balance Report - 1971 (ID 292504).pdf","Alvin and Wolff","3/2/2023 4:19:01 PM"
"November Account Balance Report - 7639.pdf","4/29/2021 4:38:13 PM","https://postfallsidahoorg.sharepoint.com/sites/FinanceDepartment","https://postfallsidahoorg.sharepoint.com/sites/FinanceDepartment/AuditDocuments1/2018/Utility-Monthly Account Balance Reports/November Account Balance Report - 7639 (ID 326884).pdf","Alvin and Wolff","3/2/2023 4:18:39 PM"
"November Account Balance Report - 4561.pdf","4/29/2021 4:38:12 PM","https://postfallsidahoorg.sharepoint.com/sites/FinanceDepartment","https://postfallsidahoorg.sharepoint.com/sites/FinanceDepartment/AuditDocuments1/2017/Utility-Monthly Account Balance Reports/November Account Balance Report - 4561 (ID 294824).pdf","Alvin and Wolff","3/2/2023 4:18:36 PM"
"May Account Balance Report - 0893.pdf","4/29/2021 4:38:03 PM","https://postfallsidahoorg.sharepoint.com/sites/FinanceDepartment","https://postfallsidahoorg.sharepoint.com/sites/FinanceDepartment/AuditDocuments1/2017/Utility-Monthly Account Balance Reports/May Account Balance Report - 0893 (ID 312288).pdf","Alvin and Wolff","3/2/2023 4:18:12 PM"
"March Account Balance Report - 5450.pdf","4/29/2021 4:37:53 PM","https://postfallsidahoorg.sharepoint.com/sites/FinanceDepartment","https://postfallsidahoorg.sharepoint.com/sites/FinanceDepartment/AuditDocuments1/2018/Utility-Monthly Account Balance Reports/March Account Balance Report - 5450 (ID 335295).pdf","Alvin and Wolff","3/2/2023 4:17:44 PM"
"March Account Balance Report - 5428.pdf","4/29/2021 4:37:52 PM","https://postfallsidahoorg.sharepoint.com/sites/FinanceDepartment","https://postfallsidahoorg.sharepoint.com/sites/FinanceDepartment/AuditDocuments1/2017/Utility-Monthly Account Balance Reports/March Account Balance Report - 5428 (ID 306793).pdf","Alvin and Wolff","3/2/2023 4:17:42 PM"
"June Account Balance Report - 3827.pdf","4/29/2021 4:37:40 PM","https://postfallsidahoorg.sharepoint.com/sites/FinanceDepartment","https://postfallsidahoorg.sharepoint.com/sites/FinanceDepartment/AuditDocuments1/2017/Utility-Monthly Account Balance Reports/June Account Balance Report - 3827 (ID 314897).pdf","Alvin and Wolff","3/2/2023 4:17:12 PM"
"July Account Balance Report - 6450.pdf","4/29/2021 4:37:34 PM","https://postfallsidahoorg.sharepoint.com/sites/FinanceDepartment","https://postfallsidahoorg.sharepoint.com/sites/FinanceDepartment/AuditDocuments1/2017/Utility-Monthly Account Balance Reports/July Account Balance Report - 6450 (ID 317167).pdf","Alvin and Wolff","3/2/2023 4:16:53 PM"
"January Account Balance Report - 9534.pdf","4/29/2021 4:37:22 PM","https://postfallsidahoorg.sharepoint.com/sites/FinanceDepartment","https://postfallsidahoorg.sharepoint.com/sites/FinanceDepartment/AuditDocuments1/2017/Utility-Monthly Account Balance Reports/January Account Balance Report - 9534 (ID 299145).pdf","Alvin and Wolff","3/2/2023 4:16:22 PM"
"January Account Balance Report - 1500.pdf","4/29/2021 4:37:20 PM","https://postfallsidahoorg.sharepoint.com/sites/FinanceDepartment","https://postfallsidahoorg.sharepoint.com/sites/FinanceDepartment/AuditDocuments1/2018/Utility-Monthly Account Balance Reports/January Account Balance Report - 1500 (ID 331289).pdf","Alvin and Wolff","3/2/2023 4:16:19 PM"
"February Account Balance Report - 3607.pdf","4/29/2021 4:36:56 PM","https://postfallsidahoorg.sharepoint.com/sites/FinanceDepartment","https://postfallsidahoorg.sharepoint.com/sites/FinanceDepartment/AuditDocuments1/2018/Utility-Monthly Account Balance Reports/February Account Balance Report - 3607 (ID 333402).pdf","Alvin and Wolff","3/2/2023 4:15:36 PM"
"February Account Balance Report - 2210.pdf","4/29/2021 4:36:55 PM","https://postfallsidahoorg.sharepoint.com/sites/FinanceDepartment","https://postfallsidahoorg.sharepoint.com/sites/FinanceDepartment/AuditDocuments1/2017/Utility-Monthly Account Balance Reports/February Account Balance Report - 2210 (ID 301651).pdf","Alvin and Wolff","3/2/2023 4:15:33 PM"
"December Account Balance Report - 7032.pdf","4/29/2021 4:36:40 PM","https://postfallsidahoorg.sharepoint.com/sites/FinanceDepartment","https://postfallsidahoorg.sharepoint.com/sites/FinanceDepartment/AuditDocuments1/2017/Utility-Monthly Account Balance Reports/December Account Balance Report - 7032 (ID 297002).pdf","Alvin and Wolff","3/2/2023 4:14:51 PM"
"September Account Balance Report - 7400.pdf","4/29/2021 4:35:25 PM","https://postfallsidahoorg.sharepoint.com/sites/FinanceDepartment","https://postfallsidahoorg.sharepoint.com/sites/FinanceDepartment/AuditDocuments1/2018/Utility-Monthly Account Balance Reports/September Account Balance Report - 7400 (ID 349142).pdf","Alvin and Wolff","3/2/2023 4:11:57 PM"
"September Account Balance Report - 2895.pdf","4/29/2021 4:35:23 PM","https://postfallsidahoorg.sharepoint.com/sites/FinanceDepartment","https://postfallsidahoorg.sharepoint.com/sites/FinanceDepartment/AuditDocuments1/2017/Utility-Monthly Account Balance Reports/September Account Balance Report - 2895 (ID 322409).pdf","Alvin and Wolff","3/2/2023 4:11:55 PM"
"OctoberAccount Balance Report - 5558.pdf","4/29/2021 4:34:35 PM","https://postfallsidahoorg.sharepoint.com/sites/FinanceDepartment","https://postfallsidahoorg.sharepoint.com/sites/FinanceDepartment/AuditDocuments1/2018/Utility-Monthly Account Balance Reports/OctoberAccount Balance Report - 5558 (ID 324374).pdf","Alvin and Wolff","3/2/2023 4:09:39 PM"
"May Account Balance Report - 8999.pdf","4/29/2021 4:33:23 PM","https://postfallsidahoorg.sharepoint.com/sites/FinanceDepartment","https://postfallsidahoorg.sharepoint.com/sites/FinanceDepartment/AuditDocuments1/2018/Utility-Monthly Account Balance Reports/May Account Balance Report - 8999 (ID 339667).pdf","Alvin and Wolff","3/2/2023 4:08:27 PM"
"June Account Balance Report - 0977.pdf","4/29/2021 4:32:39 PM","https://postfallsidahoorg.sharepoint.com/sites/FinanceDepartment","https://postfallsidahoorg.sharepoint.com/sites/FinanceDepartment/AuditDocuments1/2018/Utility-Monthly Account Balance Reports/June Account Balance Report - 0977 (ID 341825).pdf","Alvin and Wolff","3/2/2023 4:07:11 PM"
"July Account Balance Report - 2915.pdf","4/29/2021 4:32:27 PM","https://postfallsidahoorg.sharepoint.com/sites/FinanceDepartment","https://postfallsidahoorg.sharepoint.com/sites/FinanceDepartment/AuditDocuments1/2018/Utility-Monthly Account Balance Reports/July Account Balance Report - 2915 (ID 345222).pdf","Alvin and Wolff","3/2/2023 4:06:55 PM"
"December Account Balance Report - 9522.pdf","4/29/2021 4:28:59 PM","https://postfallsidahoorg.sharepoint.com/sites/FinanceDepartment","https://postfallsidahoorg.sharepoint.com/sites/FinanceDepartment/AuditDocuments1/2018/Utility-Monthly Account Balance Reports/December Account Balance Report - 9522 (ID 328912).pdf","Alvin and Wolff","3/2/2023 3:58:03 PM"
"August Account Balance Report - 9557.pdf","4/29/2021 4:26:45 PM","https://postfallsidahoorg.sharepoint.com/sites/FinanceDepartment","https://postfallsidahoorg.sharepoint.com/sites/FinanceDepartment/AuditDocuments1/2017/Utility-Monthly Account Balance Reports/August Account Balance Report - 9557 (ID 320066).pdf","Alvin and Wolff","3/2/2023 3:54:55 PM"
"August Account Balance Report - 5018.pdf","4/29/2021 4:26:43 PM","https://postfallsidahoorg.sharepoint.com/sites/FinanceDepartment","https://postfallsidahoorg.sharepoint.com/sites/FinanceDepartment/AuditDocuments1/2018/Utility-Monthly Account Balance Reports/August Account Balance Report - 5018 (ID 347644).pdf","Alvin and Wolff","3/2/2023 3:54:52 PM"
"April Account Balance Report - 7191.pdf","4/29/2021 4:26:24 PM","https://postfallsidahoorg.sharepoint.com/sites/FinanceDepartment","https://postfallsidahoorg.sharepoint.com/sites/FinanceDepartment/AuditDocuments1/2018/Utility-Monthly Account Balance Reports/April Account Balance Report - 7191 (ID 337374).pdf","Alvin and Wolff","3/2/2023 3:54:21 PM"
"April  Account Balance Report - 8090.pdf","4/29/2021 4:26:12 PM","https://postfallsidahoorg.sharepoint.com/sites/FinanceDepartment","https://postfallsidahoorg.sharepoint.com/sites/FinanceDepartment/AuditDocuments1/2017/Utility-Monthly Account Balance Reports/April  Account Balance Report - 8090 (ID 309511).pdf","Alvin and Wolff","3/2/2023 3:54:09 PM"
"Sept US Account Balance Report - 0650.pdf","4/29/2021 4:23:28 PM","https://postfallsidahoorg.sharepoint.com/sites/FinanceDepartment","https://postfallsidahoorg.sharepoint.com/sites/FinanceDepartment/AuditDocuments1/2019/Utility-Monthly Account Balance Reports/Sept US Account Balance Report - 0650 (ID 374253).pdf","Alvin and Wolff","3/2/2023 3:47:27 PM"
"Oct Account Balance Report - 9496.pdf","4/29/2021 4:22:20 PM","https://postfallsidahoorg.sharepoint.com/sites/FinanceDepartment","https://postfallsidahoorg.sharepoint.com/sites/FinanceDepartment/AuditDocuments1/2019/Utility-Monthly Account Balance Reports/Oct Account Balance Report - 9496 (ID 351800).pdf","Alvin and Wolff","3/2/2023 3:45:17 PM"
"Nov US Account Balance Report - 9943.pdf","4/29/2021 4:22:10 PM","https://postfallsidahoorg.sharepoint.com/sites/FinanceDepartment","https://postfallsidahoorg.sharepoint.com/sites/FinanceDepartment/AuditDocuments1/2019/Utility-Monthly Account Balance Reports/Nov US Account Balance Report - 9943 (ID 373692).pdf","Alvin and Wolff","3/2/2023 3:45:01 PM"
"MAY US Account Balance Report - 0067.pdf","4/29/2021 4:21:41 PM","https://postfallsidahoorg.sharepoint.com/sites/FinanceDepartment","https://postfallsidahoorg.sharepoint.com/sites/FinanceDepartment/AuditDocuments1/2019/Utility-Monthly Account Balance Reports/MAY US Account Balance Report - 0067 (ID 373912).pdf","Alvin and Wolff","3/2/2023 3:44:20 PM"
"MARCH US Account Balance Report - 0043.pdf","4/29/2021 4:21:30 PM","https://postfallsidahoorg.sharepoint.com/sites/FinanceDepartment","https://postfallsidahoorg.sharepoint.com/sites/FinanceDepartment/AuditDocuments1/2019/Utility-Monthly Account Balance Reports/MARCH US Account Balance Report - 0043 (ID 373887).pdf","Alvin and Wolff","3/2/2023 3:43:52 PM"
"June US Account Balance Report - 4353.pdf","4/29/2021 4:21:09 PM","https://postfallsidahoorg.sharepoint.com/sites/FinanceDepartment","https://postfallsidahoorg.sharepoint.com/sites/FinanceDepartment/AuditDocuments1/2019/Utility-Monthly Account Balance Reports/June US Account Balance Report - 4353 (ID 368043).pdf","Alvin and Wolff","3/2/2023 3:42:45 PM"
"July US Account Balance Report - 6304.pdf","4/29/2021 4:20:59 PM","https://postfallsidahoorg.sharepoint.com/sites/FinanceDepartment","https://postfallsidahoorg.sharepoint.com/sites/FinanceDepartment/AuditDocuments1/2019/Utility-Monthly Account Balance Reports/July US Account Balance Report - 6304 (ID 370180).pdf","Alvin and Wolff","3/2/2023 3:42:20 PM"
"JAN US Account Balance Report - 9999.pdf","4/29/2021 4:20:29 PM","https://postfallsidahoorg.sharepoint.com/sites/FinanceDepartment","https://postfallsidahoorg.sharepoint.com/sites/FinanceDepartment/AuditDocuments1/2019/Utility-Monthly Account Balance Reports/JAN US Account Balance Report - 9999 (ID 373782).pdf","Alvin and Wolff","3/2/2023 3:41:31 PM"
"FEB US Account Balance Report - 0011.pdf","4/29/2021 4:19:12 PM","https://postfallsidahoorg.sharepoint.com/sites/FinanceDepartment","https://postfallsidahoorg.sharepoint.com/sites/FinanceDepartment/AuditDocuments1/2019/Utility-Monthly Account Balance Reports/FEB US Account Balance Report - 0011 (ID 373801).pdf","Alvin and Wolff","3/2/2023 3:38:58 PM"
"Dec US Account Balance Report - 9986.pdf","4/29/2021 4:18:09 PM","https://postfallsidahoorg.sharepoint.com/sites/FinanceDepartment","https://postfallsidahoorg.sharepoint.com/sites/FinanceDepartment/AuditDocuments1/2019/Utility-Monthly Account Balance Reports/Dec US Account Balance Report - 9986 (ID 373697).pdf","Alvin and Wolff","3/2/2023 3:36:07 PM"
"August US Account Balance Report - 8221.pdf","4/29/2021 4:15:22 PM","https://postfallsidahoorg.sharepoint.com/sites/FinanceDepartment","https://postfallsidahoorg.sharepoint.com/sites/FinanceDepartment/AuditDocuments1/2019/Utility-Monthly Account Balance Reports/August US Account Balance Report - 8221 (ID 372301).pdf","Alvin and Wolff","3/2/2023 3:33:22 PM"
"APRIL US Account Balance Report - 0053.pdf","4/29/2021 4:15:09 PM","https://postfallsidahoorg.sharepoint.com/sites/FinanceDepartment","https://postfallsidahoorg.sharepoint.com/sites/FinanceDepartment/AuditDocuments1/2019/Utility-Monthly Account Balance Reports/APRIL US Account Balance Report - 0053 (ID 373892).pdf","Alvin and Wolff","3/2/2023 3:32:57 PM"
"ACCEPTANCE OF PROPERTY – SIDEWALK, UTILITY AND DRAINAGE EASEMENT – LOTS 1-4 OF BLOCK 6, RIVERBEND COMMERCE PARK PHASE I  ","3/28/2023 4:00:01 PM","https://postfallsidahoorg.sharepoint.com/sites/CityClerkDepartment","https://postfallsidahoorg.sharepoint.com/sites/CityClerkDepartment/Lists/CouncilAgendaRequests/DispForm.aspx?ID=808","Alvin and Wolff","12/2/2022 12:50:00 AM"
"Cut Off Register Z2 052622","6/7/2022 10:26:11 PM","https://postfallsidahoorg.sharepoint.com/sites/FinanceDepartment","https://postfallsidahoorg.sharepoint.com/sites/FinanceDepartment/FinanceDocuments/Cut Off Register Z2 052622.pdf","Alvin and Wolff","5/26/2022 3:22:24 PM"
"Late Notice Register Z2 051322","6/7/2022 10:27:52 PM","https://postfallsidahoorg.sharepoint.com/sites/FinanceDepartment","https://postfallsidahoorg.sharepoint.com/sites/FinanceDepartment/FinanceDocuments/Late Notice Register Z2 051322.pdf","Alvin and Wolff","5/13/2022 10:39:40 PM"
"May Bills Zone 2  4.28.22","4/28/2022 9:21:51 PM","https://postfallsidahoorg.sharepoint.com/sites/FinanceDepartment","https://postfallsidahoorg.sharepoint.com/sites/FinanceDepartment/FinanceDocuments/May Bills Zone 2  4.28.22.pdf","Alvin and Wolff","4/28/2022 8:52:53 PM"
"Cut Off Register Z2 4.28.22","4/28/2022 9:15:27 PM","https://postfallsidahoorg.sharepoint.com/sites/FinanceDepartment","https://postfallsidahoorg.sharepoint.com/sites/FinanceDepartment/FinanceDocuments/Cut Off Register Z2 4.28.22.pdf","Alvin and Wolff","4/28/2022 3:28:15 PM"
"BDS 4.18.22","4/18/2022 6:06:53 PM","https://postfallsidahoorg.sharepoint.com/sites/FinanceDepartment","https://postfallsidahoorg.sharepoint.com/sites/FinanceDepartment/BudgetaryDocuments/BDS 4.18.22.pdf","Alvin and Wolff","4/18/2022 3:52:32 PM"
"BDS 4.18.22","4/18/2022 6:06:53 PM","https://postfallsidahoorg.sharepoint.com/sites/FinanceDepartment","https://postfallsidahoorg.sharepoint.com/sites/FinanceDepartment/BudgetaryDocuments1/2022/Daily Cash Report/BDS 4.18.22.pdf","Alvin and Wolff","4/18/2022 3:52:32 PM"
"Late Notices Zone 2 04.15.22","4/18/2022 3:10:36 PM","https://postfallsidahoorg.sharepoint.com/sites/FinanceDepartment","https://postfallsidahoorg.sharepoint.com/sites/FinanceDepartment/FinanceDocuments/Late Notices Zone 2 04.15.22.pdf","Alvin and Wolff","4/15/2022 11:31:21 PM"
"April Billing Zone 2 03.30.22","4/5/2022 2:54:16 PM","https://postfallsidahoorg.sharepoint.com/sites/FinanceDepartment","https://postfallsidahoorg.sharepoint.com/sites/FinanceDepartment/FinanceDocuments/April Billing Zone 2 03.30.22.pdf","Alvin and Wolff","3/30/2022 8:03:13 PM"
"March Bills Zone 2 02.25.22","3/8/2022 5:19:13 PM","https://postfallsidahoorg.sharepoint.com/sites/FinanceDepartment","https://postfallsidahoorg.sharepoint.com/sites/FinanceDepartment/FinanceDocuments/March Bills Zone 2 02.25.22.pdf","Alvin and Wolff","2/25/2022 11:01:42 PM"
"January Billing Zone 2 01.28.22","2/2/2022 4:38:32 PM","https://postfallsidahoorg.sharepoint.com/sites/FinanceDepartment","https://postfallsidahoorg.sharepoint.com/sites/FinanceDepartment/FinanceDocuments/January Billing Zone 2 01.28.22.pdf","Alvin and Wolff","1/28/2022 9:28:31 PM"
"December Bills Zone 2 12.29.21","1/5/2022 6:47:47 PM","https://postfallsidahoorg.sharepoint.com/sites/FinanceDepartment","https://postfallsidahoorg.sharepoint.com/sites/FinanceDepartment/FinanceDocuments/December Bills Zone 2 12.29.21.pdf","Alvin and Wolff","12/29/2021 8:38:08 PM"
"BDS  12.6.21","12/7/2021 5:40:28 PM","https://postfallsidahoorg.sharepoint.com/sites/FinanceDepartment","https://postfallsidahoorg.sharepoint.com/sites/FinanceDepartment/BudgetaryDocuments/BDS  12.6.21.pdf","Alvin and Wolff","12/6/2021 5:19:42 PM"
"BDS  12.6.21","12/7/2021 5:40:28 PM","https://postfallsidahoorg.sharepoint.com/sites/FinanceDepartment","https://postfallsidahoorg.sharepoint.com/sites/FinanceDepartment/BudgetaryDocuments1/2022/Daily Cash Report/BDS  12.6.21.pdf","Alvin and Wolff","12/6/2021 5:19:42 PM"
"Zone 2 Billing 11.30.21","12/3/2021 7:42:56 PM","https://postfallsidahoorg.sharepoint.com/sites/FinanceDepartment","https://postfallsidahoorg.sharepoint.com/sites/FinanceDepartment/FinanceDocuments/Zone 2 Billing 11.30.21.pdf","Alvin and Wolff","11/30/2021 10:27:49 PM"
"Cut Off Register Zone 2 11.30.21","12/3/2021 7:36:34 PM","https://postfallsidahoorg.sharepoint.com/sites/FinanceDepartment","https://postfallsidahoorg.sharepoint.com/sites/FinanceDepartment/FinanceDocuments/Cut Off Register Zone 2 11.30.21.pdf","Alvin and Wolff","11/30/2021 4:19:25 PM"
"Late Notices Zone 2 11.12.21","12/3/2021 7:24:20 PM","https://postfallsidahoorg.sharepoint.com/sites/FinanceDepartment","https://postfallsidahoorg.sharepoint.com/sites/FinanceDepartment/FinanceDocuments/Late Notices Zone 2 11.12.21.pdf","Alvin and Wolff","11/13/2021 12:35:51 AM"
"BDS  11.8.21","11/8/2021 6:47:58 PM","https://postfallsidahoorg.sharepoint.com/sites/FinanceDepartment","https://postfallsidahoorg.sharepoint.com/sites/FinanceDepartment/BudgetaryDocuments/BDS  11.8.21.pdf","Alvin and Wolff","11/8/2021 5:26:55 PM"
"BDS  11.8.21","11/8/2021 6:47:58 PM","https://postfallsidahoorg.sharepoint.com/sites/FinanceDepartment","https://postfallsidahoorg.sharepoint.com/sites/FinanceDepartment/BudgetaryDocuments1/2022/Daily Cash Report/BDS  11.8.21.pdf","Alvin and Wolff","11/8/2021 5:26:55 PM"
"October Billing Zone 2 10.31.21","11/2/2021 7:31:39 PM","https://postfallsidahoorg.sharepoint.com/sites/FinanceDepartment","https://postfallsidahoorg.sharepoint.com/sites/FinanceDepartment/FinanceDocuments/October Billing Zone 2 10.31.21.pdf","Alvin and Wolff","10/28/2021 8:25:37 PM"
"BDS 10.05.21","11/3/2021 9:05:49 PM","https://postfallsidahoorg.sharepoint.com/sites/FinanceDepartment","https://postfallsidahoorg.sharepoint.com/sites/FinanceDepartment/BudgetaryDocuments1/2022/Daily Cash Report/BDS 10.05.21.pdf","Alvin and Wolff","10/6/2021 3:48:39 PM"
"BDS 10.05.21","11/3/2021 9:05:49 PM","https://postfallsidahoorg.sharepoint.com/sites/FinanceDepartment","https://postfallsidahoorg.sharepoint.com/sites/FinanceDepartment/BudgetaryDocuments/BDS 10.05.21.pdf","Alvin and Wolff","10/6/2021 3:48:39 PM"
"October Bills Zone 2 09.29.21","9/30/2021 3:12:37 PM","https://postfallsidahoorg.sharepoint.com/sites/FinanceDepartment","https://postfallsidahoorg.sharepoint.com/sites/FinanceDepartment/FinanceDocuments/October Bills Zone 2 09.29.21.pdf","Alvin and Wolff","9/29/2021 7:37:28 PM"
"Shut Offs Zone 2 09.28.21","9/30/2021 3:43:16 PM","https://postfallsidahoorg.sharepoint.com/sites/FinanceDepartment","https://postfallsidahoorg.sharepoint.com/sites/FinanceDepartment/FinanceDocuments/Shut Offs Zone 2 09.28.21.pdf","Alvin and Wolff","9/28/2021 3:24:41 PM"
"Late Notices Zone 2 09.15.21","9/30/2021 3:57:57 PM","https://postfallsidahoorg.sharepoint.com/sites/FinanceDepartment","https://postfallsidahoorg.sharepoint.com/sites/FinanceDepartment/FinanceDocuments/Late Notices Zone 2 09.15.21.pdf","Alvin and Wolff","9/15/2021 5:35:29 PM"
"Geotech Report","11/28/2022 10:50:05 PM","https://postfallsidahoorg.sharepoint.com/sites/SitePlanReviews","https://postfallsidahoorg.sharepoint.com/sites/SitePlanReviews/Site Plan Review Documents/Landing at Post Falls, The SPR-0039-2021/05 App Material for Landing at Post Falls, The SPR-0039-2021 (ID 198361)/Geotech Report.pdf","Alvin and Wolff","9/10/2021 9:12:24 PM"
"Environmental Report","11/28/2022 10:49:57 PM","https://postfallsidahoorg.sharepoint.com/sites/SitePlanReviews","https://postfallsidahoorg.sharepoint.com/sites/SitePlanReviews/Site Plan Review Documents/Landing at Post Falls, The SPR-0039-2021/05 App Material for Landing at Post Falls, The SPR-0039-2021 (ID 198361)/Environmental Report.pdf","Alvin and Wolff","9/10/2021 7:05:46 PM"
"Zone 2 September Billing 08.30.21","9/2/2021 3:23:02 PM","https://postfallsidahoorg.sharepoint.com/sites/FinanceDepartment","https://postfallsidahoorg.sharepoint.com/sites/FinanceDepartment/FinanceDocuments/Zone 2 September Billing 08.30.21.pdf","Alvin and Wolff","8/30/2021 8:41:11 PM"
"Shut Offs Zone 2 08.26.21","9/2/2021 4:01:42 PM","https://postfallsidahoorg.sharepoint.com/sites/FinanceDepartment","https://postfallsidahoorg.sharepoint.com/sites/FinanceDepartment/FinanceDocuments/Shut Offs Zone 2 08.26.21.pdf","Alvin and Wolff","8/26/2021 3:17:29 PM"
"Late Notices Zone 2 08.13.21","8/17/2021 4:07:10 PM","https://postfallsidahoorg.sharepoint.com/sites/FinanceDepartment","https://postfallsidahoorg.sharepoint.com/sites/FinanceDepartment/FinanceDocuments/Late Notices Zone 2 08.13.21.pdf","Alvin and Wolff","8/13/2021 11:34:17 PM"
"August Billing Zone 2 07.29.21","8/3/2021 6:32:56 PM","https://postfallsidahoorg.sharepoint.com/sites/FinanceDepartment","https://postfallsidahoorg.sharepoint.com/sites/FinanceDepartment/FinanceDocuments/August Billing Zone 2 07.29.21.pdf","Alvin and Wolff","7/29/2021 7:31:51 PM"
"Cut Off Register JULY ZONE 2","8/3/2021 6:42:40 PM","https://postfallsidahoorg.sharepoint.com/sites/FinanceDepartment","https://postfallsidahoorg.sharepoint.com/sites/FinanceDepartment/FinanceDocuments/Cut Off Register JULY ZONE 2.pdf","Alvin and Wolff","7/29/2021 3:18:40 PM"
"Late Notices July Zone 2","7/22/2021 5:19:46 PM","https://postfallsidahoorg.sharepoint.com/sites/FinanceDepartment","https://postfallsidahoorg.sharepoint.com/sites/FinanceDepartment/FinanceDocuments/Late Notices July Zone 2.pdf","Alvin and Wolff","7/16/2021 9:56:28 PM"
"July Bills Zone 2 06.29.21","6/30/2021 5:16:46 PM","https://postfallsidahoorg.sharepoint.com/sites/FinanceDepartment","https://postfallsidahoorg.sharepoint.com/sites/FinanceDepartment/FinanceDocuments/July Bills Zone 2 06.29.21.pdf","Alvin and Wolff","6/30/2021 3:44:47 PM"
"June Shut Off Zone 2","6/30/2021 4:58:02 PM","https://postfallsidahoorg.sharepoint.com/sites/FinanceDepartment","https://postfallsidahoorg.sharepoint.com/sites/FinanceDepartment/FinanceDocuments/June Shut Off Zone 2.pdf","Alvin and Wolff","6/24/2021 3:18:14 PM"
"Late Fees Zone 2 06.22.21","6/30/2021 4:56:31 PM","https://postfallsidahoorg.sharepoint.com/sites/FinanceDepartment","https://postfallsidahoorg.sharepoint.com/sites/FinanceDepartment/FinanceDocuments/Late Fees Zone 2 06.22.21.pdf","Alvin and Wolff","6/22/2021 2:26:38 PM"
"Late Notices Zone 2 06.14.21","6/30/2021 4:47:06 PM","https://postfallsidahoorg.sharepoint.com/sites/FinanceDepartment","https://postfallsidahoorg.sharepoint.com/sites/FinanceDepartment/FinanceDocuments/Late Notices Zone 2 06.14.21.pdf","Alvin and Wolff","6/14/2021 5:51:16 PM"
"June Billing Zone 2 05.27.21","6/7/2021 9:35:32 PM","https://postfallsidahoorg.sharepoint.com/sites/FinanceDepartment","https://postfallsidahoorg.sharepoint.com/sites/FinanceDepartment/FinanceDocuments/June Billing Zone 2 05.27.21.pdf","Alvin and Wolff","5/27/2021 9:13:51 PM"
"Zone 2 Shut offs MAY","6/10/2021 7:01:51 PM","https://postfallsidahoorg.sharepoint.com/sites/FinanceDepartment","https://postfallsidahoorg.sharepoint.com/sites/FinanceDepartment/FinanceDocuments/Zone 2 Shut offs.pdf","Alvin and Wolff","5/27/2021 3:16:20 PM"
"Late Notices Z 2 05.14.21","6/10/2021 4:12:55 PM","https://postfallsidahoorg.sharepoint.com/sites/FinanceDepartment","https://postfallsidahoorg.sharepoint.com/sites/FinanceDepartment/FinanceDocuments/Late Notices Z 2 05.14.21.pdf","Alvin and Wolff","5/14/2021 11:11:45 PM"
"US Garbage Report - 5453.pdf","5/11/2021 5:22:05 PM","https://postfallsidahoorg.sharepoint.com/sites/FinanceDepartment","https://postfallsidahoorg.sharepoint.com/sites/FinanceDepartment/FinanceDocuments/US Garbage Report - 5453 (ID 335297).pdf","Alvin and Wolff","5/11/2021 5:22:05 PM"
"US Garbage Report - 3625.pdf","5/11/2021 5:22:03 PM","https://postfallsidahoorg.sharepoint.com/sites/FinanceDepartment","https://postfallsidahoorg.sharepoint.com/sites/FinanceDepartment/FinanceDocuments/US Garbage Report - 3625 (ID 333404).pdf","Alvin and Wolff","5/11/2021 5:22:04 PM"
"US Garbage Report - 1504.pdf","5/11/2021 5:22:01 PM","https://postfallsidahoorg.sharepoint.com/sites/FinanceDepartment","https://postfallsidahoorg.sharepoint.com/sites/FinanceDepartment/FinanceDocuments/US Garbage Report - 1504 (ID 331291).pdf","Alvin and Wolff","5/11/2021 5:22:02 PM"
"US Garbage Report - 9540.pdf","5/11/2021 5:15:47 PM","https://postfallsidahoorg.sharepoint.com/sites/FinanceDepartment","https://postfallsidahoorg.sharepoint.com/sites/FinanceDepartment/FinanceDocuments/US Garbage Report - 9540 (ID 299149).pdf","Alvin and Wolff","5/11/2021 5:15:48 PM"
"US Garbage Report - 9529.pdf","5/11/2021 5:15:45 PM","https://postfallsidahoorg.sharepoint.com/sites/FinanceDepartment","https://postfallsidahoorg.sharepoint.com/sites/FinanceDepartment/FinanceDocuments/US Garbage Report - 9529 (ID 328915).pdf","Alvin and Wolff","5/11/2021 5:15:45 PM"
"US Garbage Report - 9181.pdf","5/11/2021 5:15:43 PM","https://postfallsidahoorg.sharepoint.com/sites/FinanceDepartment","https://postfallsidahoorg.sharepoint.com/sites/FinanceDepartment/FinanceDocuments/US Garbage Report - 9181 (ID 290887).pdf","Alvin and Wolff","5/11/2021 5:15:43 PM"
"US Garbage Report - 8078.pdf","5/11/2021 5:15:41 PM","https://postfallsidahoorg.sharepoint.com/sites/FinanceDepartment","https://postfallsidahoorg.sharepoint.com/sites/FinanceDepartment/FinanceDocuments/US Garbage Report - 8078 (ID 309504).pdf","Alvin and Wolff","5/11/2021 5:15:41 PM"
"US Garbage Report - 7646.pdf","5/11/2021 5:15:39 PM","https://postfallsidahoorg.sharepoint.com/sites/FinanceDepartment","https://postfallsidahoorg.sharepoint.com/sites/FinanceDepartment/FinanceDocuments/US Garbage Report - 7646 (ID 326886).pdf","Alvin and Wolff","5/11/2021 5:15:39 PM"
"US Garbage Report - 7045.pdf","5/11/2021 5:15:37 PM","https://postfallsidahoorg.sharepoint.com/sites/FinanceDepartment","https://postfallsidahoorg.sharepoint.com/sites/FinanceDepartment/FinanceDocuments/US Garbage Report - 7045 (ID 297004).pdf","Alvin and Wolff","5/11/2021 5:15:38 PM"
"US Garbage Report - 6445.pdf","5/11/2021 5:15:36 PM","https://postfallsidahoorg.sharepoint.com/sites/FinanceDepartment","https://postfallsidahoorg.sharepoint.com/sites/FinanceDepartment/FinanceDocuments/US Garbage Report - 6445 (ID 317163).pdf","Alvin and Wolff","5/11/2021 5:15:36 PM"
"US Garbage Report - 5562.pdf","5/11/2021 5:15:34 PM","https://postfallsidahoorg.sharepoint.com/sites/FinanceDepartment","https://postfallsidahoorg.sharepoint.com/sites/FinanceDepartment/FinanceDocuments/US Garbage Report - 5562 (ID 324376).pdf","Alvin and Wolff","5/11/2021 5:15:34 PM"
"US Garbage Report - 5430.pdf","5/11/2021 5:15:33 PM","https://postfallsidahoorg.sharepoint.com/sites/FinanceDepartment","https://postfallsidahoorg.sharepoint.com/sites/FinanceDepartment/FinanceDocuments/US Garbage Report - 5430 (ID 306795).pdf","Alvin and Wolff","5/11/2021 5:15:34 PM"
"US Garbage Report - 3821.pdf","5/11/2021 5:15:30 PM","https://postfallsidahoorg.sharepoint.com/sites/FinanceDepartment","https://postfallsidahoorg.sharepoint.com/sites/FinanceDepartment/FinanceDocuments/US Garbage Report - 3821 (ID 314893).pdf","Alvin and Wolff","5/11/2021 5:15:30 PM"
"US Garbage Report - 2887.pdf","5/11/2021 5:15:28 PM","https://postfallsidahoorg.sharepoint.com/sites/FinanceDepartment","https://postfallsidahoorg.sharepoint.com/sites/FinanceDepartment/FinanceDocuments/US Garbage Report - 2887 (ID 322406).pdf","Alvin and Wolff","5/11/2021 5:15:28 PM"
"US Garbage Report - 2215.pdf","5/11/2021 5:15:26 PM","https://postfallsidahoorg.sharepoint.com/sites/FinanceDepartment","https://postfallsidahoorg.sharepoint.com/sites/FinanceDepartment/FinanceDocuments/US Garbage Report - 2215 (ID 301653).pdf","Alvin and Wolff","5/11/2021 5:15:27 PM"
"US Garbage Report - 1984.pdf","5/11/2021 5:15:24 PM","https://postfallsidahoorg.sharepoint.com/sites/FinanceDepartment","https://postfallsidahoorg.sharepoint.com/sites/FinanceDepartment/FinanceDocuments/US Garbage Report - 1984 (ID 292506).pdf","Alvin and Wolff","5/11/2021 5:15:25 PM"
"US Garbage Report - 0903.pdf","5/11/2021 5:15:23 PM","https://postfallsidahoorg.sharepoint.com/sites/FinanceDepartment","https://postfallsidahoorg.sharepoint.com/sites/FinanceDepartment/FinanceDocuments/US Garbage Report - 0903 (ID 312290).pdf","Alvin and Wolff","5/11/2021 5:15:23 PM"
"US Garbage Report - 9798.pdf","5/11/2021 5:08:59 PM","https://postfallsidahoorg.sharepoint.com/sites/FinanceDepartment","https://postfallsidahoorg.sharepoint.com/sites/FinanceDepartment/FinanceDocuments/US Garbage Report - 9798 (ID 283648).pdf","Alvin and Wolff","5/11/2021 5:08:59 PM"
"US Garbage Report - 9552.pdf","5/11/2021 5:08:57 PM","https://postfallsidahoorg.sharepoint.com/sites/FinanceDepartment","https://postfallsidahoorg.sharepoint.com/sites/FinanceDepartment/FinanceDocuments/US Garbage Report - 9552 (ID 320062).pdf","Alvin and Wolff","5/11/2021 5:08:58 PM"
"US Garbage Report - 9498.pdf","5/11/2021 5:08:56 PM","https://postfallsidahoorg.sharepoint.com/sites/FinanceDepartment","https://postfallsidahoorg.sharepoint.com/sites/FinanceDepartment/FinanceDocuments/US Garbage Report - 9498 (ID 351802).pdf","Alvin and Wolff","5/11/2021 5:08:57 PM"
"US Garbage Report - 9001.pdf","5/11/2021 5:08:54 PM","https://postfallsidahoorg.sharepoint.com/sites/FinanceDepartment","https://postfallsidahoorg.sharepoint.com/sites/FinanceDepartment/FinanceDocuments/US Garbage Report - 9001 (ID 339670).pdf","Alvin and Wolff","5/11/2021 5:08:55 PM"
"US Garbage Report - 7989.pdf","5/11/2021 5:08:52 PM","https://postfallsidahoorg.sharepoint.com/sites/FinanceDepartment","https://postfallsidahoorg.sharepoint.com/sites/FinanceDepartment/FinanceDocuments/US Garbage Report - 7989 (ID 272585).pdf","Alvin and Wolff","5/11/2021 5:08:53 PM"
"US Garbage Report - 7404.pdf","5/11/2021 5:08:51 PM","https://postfallsidahoorg.sharepoint.com/sites/FinanceDepartment","https://postfallsidahoorg.sharepoint.com/sites/FinanceDepartment/FinanceDocuments/US Garbage Report - 7404 (ID 349144).pdf","Alvin and Wolff","5/11/2021 5:08:51 PM"
"US Garbage Report - 6686.pdf","5/11/2021 5:08:48 PM","https://postfallsidahoorg.sharepoint.com/sites/FinanceDepartment","https://postfallsidahoorg.sharepoint.com/sites/FinanceDepartment/FinanceDocuments/US Garbage Report - 6686 (ID 281403).pdf","Alvin and Wolff","5/11/2021 5:08:48 PM"
"US Garbage Report - 5866.pdf","5/11/2021 5:08:45 PM","https://postfallsidahoorg.sharepoint.com/sites/FinanceDepartment","https://postfallsidahoorg.sharepoint.com/sites/FinanceDepartment/FinanceDocuments/US Garbage Report - 5866 (ID 288721).pdf","Alvin and Wolff","5/11/2021 5:08:46 PM"
"US Garbage Report - 5512.pdf","5/11/2021 5:08:42 PM","https://postfallsidahoorg.sharepoint.com/sites/FinanceDepartment","https://postfallsidahoorg.sharepoint.com/sites/FinanceDepartment/FinanceDocuments/US Garbage Report - 5512 (ID 270483).pdf","Alvin and Wolff","5/11/2021 5:08:43 PM"
"US Garbage Report - 5021.pdf","5/11/2021 5:08:41 PM","https://postfallsidahoorg.sharepoint.com/sites/FinanceDepartment","https://postfallsidahoorg.sharepoint.com/sites/FinanceDepartment/FinanceDocuments/US Garbage Report - 5021 (ID 347646).pdf","Alvin and Wolff","5/11/2021 5:08:41 PM"
"US Garbage Report - 4546.pdf","5/11/2021 5:08:39 PM","https://postfallsidahoorg.sharepoint.com/sites/FinanceDepartment","https://postfallsidahoorg.sharepoint.com/sites/FinanceDepartment/FinanceDocuments/US Garbage Report - 4546 (ID 294810).pdf","Alvin and Wolff","5/11/2021 5:08:40 PM"
"US Garbage Report - 3798.pdf","5/11/2021 5:08:38 PM","https://postfallsidahoorg.sharepoint.com/sites/FinanceDepartment","https://postfallsidahoorg.sharepoint.com/sites/FinanceDepartment/FinanceDocuments/US Garbage Report - 3798 (ID 279122).pdf","Alvin and Wolff","5/11/2021 5:08:38 PM"
"US Garbage Report - 3102.pdf","5/11/2021 5:08:36 PM","https://postfallsidahoorg.sharepoint.com/sites/FinanceDepartment","https://postfallsidahoorg.sharepoint.com/sites/FinanceDepartment/FinanceDocuments/US Garbage Report - 3102 (ID 268249).pdf","Alvin and Wolff","5/11/2021 5:08:36 PM"
"US Garbage Report - 2918.pdf","5/11/2021 5:08:34 PM","https://postfallsidahoorg.sharepoint.com/sites/FinanceDepartment","https://postfallsidahoorg.sharepoint.com/sites/FinanceDepartment/FinanceDocuments/US Garbage Report - 2918 (ID 345224).pdf","Alvin and Wolff","5/11/2021 5:08:34 PM"
"US Garbage Report - 2820.pdf","5/11/2021 5:08:32 PM","https://postfallsidahoorg.sharepoint.com/sites/FinanceDepartment","https://postfallsidahoorg.sharepoint.com/sites/FinanceDepartment/FinanceDocuments/US Garbage Report - 2820 (ID 286279).pdf","Alvin and Wolff","5/11/2021 5:08:32 PM"
"US Garbage Report - 1188.pdf","5/11/2021 5:08:31 PM","https://postfallsidahoorg.sharepoint.com/sites/FinanceDepartment","https://postfallsidahoorg.sharepoint.com/sites/FinanceDepartment/FinanceDocuments/US Garbage Report - 1188 (ID 276610).pdf","Alvin and Wolff","5/11/2021 5:08:31 PM"
"US Bill Calculation - 7246.pdf","5/11/2021 5:08:18 PM","https://postfallsidahoorg.sharepoint.com/sites/FinanceDepartment","https://postfallsidahoorg.sharepoint.com/sites/FinanceDepartment/FinanceDocuments/US Bill Calculation - 7246 (ID 349093).pdf","Alvin and Wolff","5/11/2021 5:08:19 PM"
"US Bill Calculation - 0853.pdf","5/11/2021 5:08:17 PM","https://postfallsidahoorg.sharepoint.com/sites/FinanceDepartment","https://postfallsidahoorg.sharepoint.com/sites/FinanceDepartment/FinanceDocuments/US Bill Calculation - 0853 (ID 341746).pdf","Alvin and Wolff","5/11/2021 5:08:18 PM"
"Sept Resi US Garbage Report - 0638.pdf","5/11/2021 5:07:21 PM","https://postfallsidahoorg.sharepoint.com/sites/FinanceDepartment","https://postfallsidahoorg.sharepoint.com/sites/FinanceDepartment/FinanceDocuments/Sept Resi US Garbage Report - 0638 (ID 374240).pdf","Alvin and Wolff","5/11/2021 5:07:22 PM"
"JUNE RESI US Garbage Report - 4347.pdf","5/11/2021 5:06:15 PM","https://postfallsidahoorg.sharepoint.com/sites/FinanceDepartment","https://postfallsidahoorg.sharepoint.com/sites/FinanceDepartment/FinanceDocuments/JUNE RESI US Garbage Report - 4347 (ID 368039).pdf","Alvin and Wolff","5/11/2021 5:06:15 PM"
"JULY RESI US Garbage Report - 6299.pdf","5/11/2021 5:06:13 PM","https://postfallsidahoorg.sharepoint.com/sites/FinanceDepartment","https://postfallsidahoorg.sharepoint.com/sites/FinanceDepartment/FinanceDocuments/JULY RESI US Garbage Report - 6299 (ID 370175).pdf","Alvin and Wolff","5/11/2021 5:06:13 PM"
"AUG RESI US Garbage Report - 8216.pdf","5/11/2021 5:04:43 PM","https://postfallsidahoorg.sharepoint.com/sites/FinanceDepartment","https://postfallsidahoorg.sharepoint.com/sites/FinanceDepartment/FinanceDocuments/AUG RESI US Garbage Report - 8216 (ID 372297).pdf","Alvin and Wolff","5/11/2021 5:04:44 PM"
"March 2018 - Cycle 02.pdf","5/11/2021 4:34:49 PM","https://postfallsidahoorg.sharepoint.com/sites/FinanceDepartment","https://postfallsidahoorg.sharepoint.com/sites/FinanceDepartment/FinanceDocuments/March 2018 - Cycle 02 (ID 335160).pdf","Alvin and Wolff","5/11/2021 4:34:49 PM"
"January 2018 - Cycle Regular 02.pdf","5/11/2021 4:34:41 PM","https://postfallsidahoorg.sharepoint.com/sites/FinanceDepartment","https://postfallsidahoorg.sharepoint.com/sites/FinanceDepartment/FinanceDocuments/January 2018 - Cycle Regular 02 (ID 331205).pdf","Alvin and Wolff","5/11/2021 4:34:41 PM"
"February 2018 - Cycle 02.pdf","5/11/2021 4:34:37 PM","https://postfallsidahoorg.sharepoint.com/sites/FinanceDepartment","https://postfallsidahoorg.sharepoint.com/sites/FinanceDepartment/FinanceDocuments/February 2018 - Cycle 02 (ID 333198).pdf","Alvin and Wolff","5/11/2021 4:34:37 PM"
"September 2019 - Cycle 02.pdf","5/11/2021 4:34:17 PM","https://postfallsidahoorg.sharepoint.com/sites/FinanceDepartment","https://postfallsidahoorg.sharepoint.com/sites/FinanceDepartment/FinanceDocuments/September 2019 - Cycle 02 (ID 374128).pdf","Alvin and Wolff","5/11/2021 4:34:17 PM"
"September 2019 - Cycle 02.pdf","5/11/2021 4:34:16 PM","https://postfallsidahoorg.sharepoint.com/sites/FinanceDepartment","https://postfallsidahoorg.sharepoint.com/sites/FinanceDepartment/FinanceDocuments/September 2019 - Cycle 02 (ID 372063).pdf","Alvin and Wolff","5/11/2021 4:34:16 PM"
"September 2017 - Cycle 02.pdf","5/11/2021 4:34:04 PM","https://postfallsidahoorg.sharepoint.com/sites/FinanceDepartment","https://postfallsidahoorg.sharepoint.com/sites/FinanceDepartment/FinanceDocuments/September 2017 - Cycle 02 (ID 322331).pdf","Alvin and Wolff","5/11/2021 4:34:04 PM"
"September 2016 - Cycle 02.pdf","5/11/2021 4:33:59 PM","https://postfallsidahoorg.sharepoint.com/sites/FinanceDepartment","https://postfallsidahoorg.sharepoint.com/sites/FinanceDepartment/FinanceDocuments/September 2016 - Cycle 02 (ID 290790).pdf","Alvin and Wolff","5/11/2021 4:33:59 PM"
"October 2018 - Cycle 02.pdf","5/11/2021 4:33:15 PM","https://postfallsidahoorg.sharepoint.com/sites/FinanceDepartment","https://postfallsidahoorg.sharepoint.com/sites/FinanceDepartment/FinanceDocuments/October 2018 - Cycle 02 (ID 351620).pdf","Alvin and Wolff","5/11/2021 4:33:16 PM"
"October 2018 - Cycle 02.pdf","5/11/2021 4:33:14 PM","https://postfallsidahoorg.sharepoint.com/sites/FinanceDepartment","https://postfallsidahoorg.sharepoint.com/sites/FinanceDepartment/FinanceDocuments/October 2018 - Cycle 02 (ID 324120).pdf","Alvin and Wolff","5/11/2021 4:33:15 PM"
"October 2017 - Cycle 02.pdf","5/11/2021 4:33:03 PM","https://postfallsidahoorg.sharepoint.com/sites/FinanceDepartment","https://postfallsidahoorg.sharepoint.com/sites/FinanceDepartment/FinanceDocuments/October 2017 - Cycle 02 (ID 292454).pdf","Alvin and Wolff","5/11/2021 4:33:03 PM"
"November 2018 - Cycle 02.pdf","5/11/2021 4:32:10 PM","https://postfallsidahoorg.sharepoint.com/sites/FinanceDepartment","https://postfallsidahoorg.sharepoint.com/sites/FinanceDepartment/FinanceDocuments/November 2018 - Cycle 02 (ID 326673).pdf","Alvin and Wolff","5/11/2021 4:32:10 PM"
"November 2017 - Cycle Regular 01.pdf","5/11/2021 4:32:02 PM","https://postfallsidahoorg.sharepoint.com/sites/FinanceDepartment","https://postfallsidahoorg.sharepoint.com/sites/FinanceDepartment/FinanceDocuments/November 2017 - Cycle Regular 01 (ID 294400).pdf","Alvin and Wolff","5/11/2021 4:32:02 PM"
"May 2017 - Cycle 02.pdf","5/11/2021 4:31:15 PM","https://postfallsidahoorg.sharepoint.com/sites/FinanceDepartment","https://postfallsidahoorg.sharepoint.com/sites/FinanceDepartment/FinanceDocuments/May 2017 - Cycle 02 (ID 312043).pdf","Alvin and Wolff","5/11/2021 4:31:15 PM"
"March 2017 - Cycle Regular monthly billing 02.pdf","5/11/2021 4:30:23 PM","https://postfallsidahoorg.sharepoint.com/sites/FinanceDepartment","https://postfallsidahoorg.sharepoint.com/sites/FinanceDepartment/FinanceDocuments/March 2017 - Cycle Regular monthly billing 02 (ID 306285).pdf","Alvin and Wolff","5/11/2021 4:30:24 PM"
"June 2019 - Cycle ZONE 2.pdf","5/11/2021 4:29:41 PM","https://postfallsidahoorg.sharepoint.com/sites/FinanceDepartment","https://postfallsidahoorg.sharepoint.com/sites/FinanceDepartment/FinanceDocuments/June 2019 - Cycle ZONE 2 (ID 367950).pdf","Alvin and Wolff","5/11/2021 4:29:42 PM"
"June 2017 - Cycle 02.pdf","5/11/2021 4:29:34 PM","https://postfallsidahoorg.sharepoint.com/sites/FinanceDepartment","https://postfallsidahoorg.sharepoint.com/sites/FinanceDepartment/FinanceDocuments/June 2017 - Cycle 02 (ID 314593).pdf","Alvin and Wolff","5/11/2021 4:29:34 PM"
"July 2018 - Cycle 02.pdf","5/11/2021 4:28:53 PM","https://postfallsidahoorg.sharepoint.com/sites/FinanceDepartment","https://postfallsidahoorg.sharepoint.com/sites/FinanceDepartment/FinanceDocuments/July 2018 - Cycle 02 (ID 344877).pdf","Alvin and Wolff","5/11/2021 4:28:53 PM"
"July 2017 - Cycle 02.pdf","5/11/2021 4:28:44 PM","https://postfallsidahoorg.sharepoint.com/sites/FinanceDepartment","https://postfallsidahoorg.sharepoint.com/sites/FinanceDepartment/FinanceDocuments/July 2017 - Cycle 02 (ID 316926).pdf","Alvin and Wolff","5/11/2021 4:28:44 PM"
"January 2017 - Cycle 02.pdf","5/11/2021 4:27:55 PM","https://postfallsidahoorg.sharepoint.com/sites/FinanceDepartment","https://postfallsidahoorg.sharepoint.com/sites/FinanceDepartment/FinanceDocuments/January 2017 - Cycle 02 (ID 298814).pdf","Alvin and Wolff","5/11/2021 4:27:56 PM"
"February 2017 - Cycle 02.pdf","5/11/2021 4:26:53 PM","https://postfallsidahoorg.sharepoint.com/sites/FinanceDepartment","https://postfallsidahoorg.sharepoint.com/sites/FinanceDepartment/FinanceDocuments/February 2017 - Cycle 02 (ID 301341).pdf","Alvin and Wolff","5/11/2021 4:26:53 PM"
"December 2018 - Cycle 02.pdf","5/11/2021 4:26:16 PM","https://postfallsidahoorg.sharepoint.com/sites/FinanceDepartment","https://postfallsidahoorg.sharepoint.com/sites/FinanceDepartment/FinanceDocuments/December 2018 - Cycle 02 (ID 328846).pdf","Alvin and Wolff","5/11/2021 4:26:16 PM"
"December 2017 - Cycle 02.pdf","5/11/2021 4:26:10 PM","https://postfallsidahoorg.sharepoint.com/sites/FinanceDepartment","https://postfallsidahoorg.sharepoint.com/sites/FinanceDepartment/FinanceDocuments/December 2017 - Cycle 02 (ID 296583).pdf","Alvin and Wolff","5/11/2021 4:26:11 PM"
"August 2019 - Cycle 02.pdf","5/11/2021 4:25:39 PM","https://postfallsidahoorg.sharepoint.com/sites/FinanceDepartment","https://postfallsidahoorg.sharepoint.com/sites/FinanceDepartment/FinanceDocuments/August 2019 - Cycle 02 (ID 370013).pdf","Alvin and Wolff","5/11/2021 4:25:39 PM"
"August 2018 - Cycle 02.pdf","5/11/2021 4:25:32 PM","https://postfallsidahoorg.sharepoint.com/sites/FinanceDepartment","https://postfallsidahoorg.sharepoint.com/sites/FinanceDepartment/FinanceDocuments/August 2018 - Cycle 02 (ID 347550).pdf","Alvin and Wolff","5/11/2021 4:25:32 PM"
"August 2017 - Cycle 02.pdf","5/11/2021 4:25:28 PM","https://postfallsidahoorg.sharepoint.com/sites/FinanceDepartment","https://postfallsidahoorg.sharepoint.com/sites/FinanceDepartment/FinanceDocuments/August 2017 - Cycle 02 (ID 320010).pdf","Alvin and Wolff","5/11/2021 4:25:29 PM"
"April 2018 - Cycle 02.pdf","5/11/2021 4:24:43 PM","https://postfallsidahoorg.sharepoint.com/sites/FinanceDepartment","https://postfallsidahoorg.sharepoint.com/sites/FinanceDepartment/FinanceDocuments/April 2018 - Cycle 02 (ID 337147).pdf","Alvin and Wolff","5/11/2021 4:24:44 PM"
"April 2017 - Cycle 02.pdf","5/11/2021 4:24:38 PM","https://postfallsidahoorg.sharepoint.com/sites/FinanceDepartment","https://postfallsidahoorg.sharepoint.com/sites/FinanceDepartment/FinanceDocuments/April 2017 - Cycle 02 (ID 309301).pdf","Alvin and Wolff","5/11/2021 4:24:38 PM"
"May 2021 - Cycle 02.pdf","5/11/2021 4:31:45 PM","https://postfallsidahoorg.sharepoint.com/sites/FinanceDepartment","https://postfallsidahoorg.sharepoint.com/sites/FinanceDepartment/FinanceDocuments/May 2021 - Cycle 02 (ID 393036).pdf","Alvin and Wolff","4/29/2021 9:53:43 PM"
"September Account Balance Report - 9175.pdf","4/29/2021 4:38:24 PM","https://postfallsidahoorg.sharepoint.com/sites/FinanceDepartment","https://postfallsidahoorg.sharepoint.com/sites/FinanceDepartment/AuditDocuments/September Account Balance Report - 9175 (ID 290885).pdf","Alvin and Wolff","4/29/2021 4:38:24 PM"
"October Account Balance Report - 1971.pdf","4/29/2021 4:38:21 PM","https://postfallsidahoorg.sharepoint.com/sites/FinanceDepartment","https://postfallsidahoorg.sharepoint.com/sites/FinanceDepartment/AuditDocuments/October Account Balance Report - 1971 (ID 292504).pdf","Alvin and Wolff","4/29/2021 4:38:21 PM"
"November Account Balance Report - 7639.pdf","4/29/2021 4:38:13 PM","https://postfallsidahoorg.sharepoint.com/sites/FinanceDepartment","https://postfallsidahoorg.sharepoint.com/sites/FinanceDepartment/AuditDocuments/November Account Balance Report - 7639 (ID 326884).pdf","Alvin and Wolff","4/29/2021 4:38:13 PM"
"November Account Balance Report - 4561.pdf","4/29/2021 4:38:12 PM","https://postfallsidahoorg.sharepoint.com/sites/FinanceDepartment","https://postfallsidahoorg.sharepoint.com/sites/FinanceDepartment/AuditDocuments/November Account Balance Report - 4561 (ID 294824).pdf","Alvin and Wolff","4/29/2021 4:38:12 PM"
"May Account Balance Report - 0893.pdf","4/29/2021 4:38:03 PM","https://postfallsidahoorg.sharepoint.com/sites/FinanceDepartment","https://postfallsidahoorg.sharepoint.com/sites/FinanceDepartment/AuditDocuments/May Account Balance Report - 0893 (ID 312288).pdf","Alvin and Wolff","4/29/2021 4:38:03 PM"
"March Account Balance Report - 5450.pdf","4/29/2021 4:37:53 PM","https://postfallsidahoorg.sharepoint.com/sites/FinanceDepartment","https://postfallsidahoorg.sharepoint.com/sites/FinanceDepartment/AuditDocuments/March Account Balance Report - 5450 (ID 335295).pdf","Alvin and Wolff","4/29/2021 4:37:53 PM"
"March Account Balance Report - 5428.pdf","4/29/2021 4:37:52 PM","https://postfallsidahoorg.sharepoint.com/sites/FinanceDepartment","https://postfallsidahoorg.sharepoint.com/sites/FinanceDepartment/AuditDocuments/March Account Balance Report - 5428 (ID 306793).pdf","Alvin and Wolff","4/29/2021 4:37:52 PM"
"June Account Balance Report - 3827.pdf","4/29/2021 4:37:40 PM","https://postfallsidahoorg.sharepoint.com/sites/FinanceDepartment","https://postfallsidahoorg.sharepoint.com/sites/FinanceDepartment/AuditDocuments/June Account Balance Report - 3827 (ID 314897).pdf","Alvin and Wolff","4/29/2021 4:37:40 PM"
"July Account Balance Report - 6450.pdf","4/29/2021 4:37:34 PM","https://postfallsidahoorg.sharepoint.com/sites/FinanceDepartment","https://postfallsidahoorg.sharepoint.com/sites/FinanceDepartment/AuditDocuments/July Account Balance Report - 6450 (ID 317167).pdf","Alvin and Wolff","4/29/2021 4:37:34 PM"
"January Account Balance Report - 9534.pdf","4/29/2021 4:37:22 PM","https://postfallsidahoorg.sharepoint.com/sites/FinanceDepartment","https://postfallsidahoorg.sharepoint.com/sites/FinanceDepartment/AuditDocuments/January Account Balance Report - 9534 (ID 299145).pdf","Alvin and Wolff","4/29/2021 4:37:22 PM"
"January Account Balance Report - 1500.pdf","4/29/2021 4:37:20 PM","https://postfallsidahoorg.sharepoint.com/sites/FinanceDepartment","https://postfallsidahoorg.sharepoint.com/sites/FinanceDepartment/AuditDocuments/January Account Balance Report - 1500 (ID 331289).pdf","Alvin and Wolff","4/29/2021 4:37:21 PM"
"February Account Balance Report - 3607.pdf","4/29/2021 4:36:56 PM","https://postfallsidahoorg.sharepoint.com/sites/FinanceDepartment","https://postfallsidahoorg.sharepoint.com/sites/FinanceDepartment/AuditDocuments/February Account Balance Report - 3607 (ID 333402).pdf","Alvin and Wolff","4/29/2021 4:36:57 PM"
"February Account Balance Report - 2210.pdf","4/29/2021 4:36:55 PM","https://postfallsidahoorg.sharepoint.com/sites/FinanceDepartment","https://postfallsidahoorg.sharepoint.com/sites/FinanceDepartment/AuditDocuments/February Account Balance Report - 2210 (ID 301651).pdf","Alvin and Wolff","4/29/2021 4:36:55 PM"
"December Account Balance Report - 7032.pdf","4/29/2021 4:36:40 PM","https://postfallsidahoorg.sharepoint.com/sites/FinanceDepartment","https://postfallsidahoorg.sharepoint.com/sites/FinanceDepartment/AuditDocuments/December Account Balance Report - 7032 (ID 297002).pdf","Alvin and Wolff","4/29/2021 4:36:40 PM"
"September Account Balance Report - 7400.pdf","4/29/2021 4:35:25 PM","https://postfallsidahoorg.sharepoint.com/sites/FinanceDepartment","https://postfallsidahoorg.sharepoint.com/sites/FinanceDepartment/AuditDocuments/September Account Balance Report - 7400 (ID 349142).pdf","Alvin and Wolff","4/29/2021 4:35:25 PM"
"September Account Balance Report - 2895.pdf","4/29/2021 4:35:23 PM","https://postfallsidahoorg.sharepoint.com/sites/FinanceDepartment","https://postfallsidahoorg.sharepoint.com/sites/FinanceDepartment/AuditDocuments/September Account Balance Report - 2895 (ID 322409).pdf","Alvin and Wolff","4/29/2021 4:35:23 PM"
"OctoberAccount Balance Report - 5558.pdf","4/29/2021 4:34:35 PM","https://postfallsidahoorg.sharepoint.com/sites/FinanceDepartment","https://postfallsidahoorg.sharepoint.com/sites/FinanceDepartment/AuditDocuments/OctoberAccount Balance Report - 5558 (ID 324374).pdf","Alvin and Wolff","4/29/2021 4:34:35 PM"
"May Account Balance Report - 8999.pdf","4/29/2021 4:33:23 PM","https://postfallsidahoorg.sharepoint.com/sites/FinanceDepartment","https://postfallsidahoorg.sharepoint.com/sites/FinanceDepartment/AuditDocuments/May Account Balance Report - 8999 (ID 339667).pdf","Alvin and Wolff","4/29/2021 4:33:23 PM"
"June Account Balance Report - 0977.pdf","4/29/2021 4:32:39 PM","https://postfallsidahoorg.sharepoint.com/sites/FinanceDepartment","https://postfallsidahoorg.sharepoint.com/sites/FinanceDepartment/AuditDocuments/June Account Balance Report - 0977 (ID 341825).pdf","Alvin and Wolff","4/29/2021 4:32:39 PM"
"July Account Balance Report - 2915.pdf","4/29/2021 4:32:27 PM","https://postfallsidahoorg.sharepoint.com/sites/FinanceDepartment","https://postfallsidahoorg.sharepoint.com/sites/FinanceDepartment/AuditDocuments/July Account Balance Report - 2915 (ID 345222).pdf","Alvin and Wolff","4/29/2021 4:32:28 PM"
"December Account Balance Report - 9522.pdf","4/29/2021 4:28:59 PM","https://postfallsidahoorg.sharepoint.com/sites/FinanceDepartment","https://postfallsidahoorg.sharepoint.com/sites/FinanceDepartment/AuditDocuments/December Account Balance Report - 9522 (ID 328912).pdf","Alvin and Wolff","4/29/2021 4:29:00 PM"
"August Account Balance Report - 9557.pdf","4/29/2021 4:26:45 PM","https://postfallsidahoorg.sharepoint.com/sites/FinanceDepartment","https://postfallsidahoorg.sharepoint.com/sites/FinanceDepartment/AuditDocuments/August Account Balance Report - 9557 (ID 320066).pdf","Alvin and Wolff","4/29/2021 4:26:45 PM"
"August Account Balance Report - 5018.pdf","4/29/2021 4:26:43 PM","https://postfallsidahoorg.sharepoint.com/sites/FinanceDepartment","https://postfallsidahoorg.sharepoint.com/sites/FinanceDepartment/AuditDocuments/August Account Balance Report - 5018 (ID 347644).pdf","Alvin and Wolff","4/29/2021 4:26:43 PM"
"April Account Balance Report - 7191.pdf","4/29/2021 4:26:24 PM","https://postfallsidahoorg.sharepoint.com/sites/FinanceDepartment","https://postfallsidahoorg.sharepoint.com/sites/FinanceDepartment/AuditDocuments/April Account Balance Report - 7191 (ID 337374).pdf","Alvin and Wolff","4/29/2021 4:26:25 PM"
"April  Account Balance Report - 8090.pdf","4/29/2021 4:26:12 PM","https://postfallsidahoorg.sharepoint.com/sites/FinanceDepartment","https://postfallsidahoorg.sharepoint.com/sites/FinanceDepartment/AuditDocuments/April  Account Balance Report - 8090 (ID 309511).pdf","Alvin and Wolff","4/29/2021 4:26:13 PM"
"Sept US Account Balance Report - 0650.pdf","4/29/2021 4:23:28 PM","https://postfallsidahoorg.sharepoint.com/sites/FinanceDepartment","https://postfallsidahoorg.sharepoint.com/sites/FinanceDepartment/AuditDocuments/Sept US Account Balance Report - 0650 (ID 374253).pdf","Alvin and Wolff","4/29/2021 4:23:28 PM"
"Oct Account Balance Report - 9496.pdf","4/29/2021 4:22:20 PM","https://postfallsidahoorg.sharepoint.com/sites/FinanceDepartment","https://postfallsidahoorg.sharepoint.com/sites/FinanceDepartment/AuditDocuments/Oct Account Balance Report - 9496 (ID 351800).pdf","Alvin and Wolff","4/29/2021 4:22:20 PM"
"Nov US Account Balance Report - 9943.pdf","4/29/2021 4:22:10 PM","https://postfallsidahoorg.sharepoint.com/sites/FinanceDepartment","https://postfallsidahoorg.sharepoint.com/sites/FinanceDepartment/AuditDocuments/Nov US Account Balance Report - 9943 (ID 373692).pdf","Alvin and Wolff","4/29/2021 4:22:10 PM"
"MAY US Account Balance Report - 0067.pdf","4/29/2021 4:21:41 PM","https://postfallsidahoorg.sharepoint.com/sites/FinanceDepartment","https://postfallsidahoorg.sharepoint.com/sites/FinanceDepartment/AuditDocuments/MAY US Account Balance Report - 0067 (ID 373912).pdf","Alvin and Wolff","4/29/2021 4:21:41 PM"
"MARCH US Account Balance Report - 0043.pdf","4/29/2021 4:21:30 PM","https://postfallsidahoorg.sharepoint.com/sites/FinanceDepartment","https://postfallsidahoorg.sharepoint.com/sites/FinanceDepartment/AuditDocuments/MARCH US Account Balance Report - 0043 (ID 373887).pdf","Alvin and Wolff","4/29/2021 4:21:31 PM"
"June US Account Balance Report - 4353.pdf","4/29/2021 4:21:09 PM","https://postfallsidahoorg.sharepoint.com/sites/FinanceDepartment","https://postfallsidahoorg.sharepoint.com/sites/FinanceDepartment/AuditDocuments/June US Account Balance Report - 4353 (ID 368043).pdf","Alvin and Wolff","4/29/2021 4:21:09 PM"
"July US Account Balance Report - 6304.pdf","4/29/2021 4:20:59 PM","https://postfallsidahoorg.sharepoint.com/sites/FinanceDepartment","https://postfallsidahoorg.sharepoint.com/sites/FinanceDepartment/AuditDocuments/July US Account Balance Report - 6304 (ID 370180).pdf","Alvin and Wolff","4/29/2021 4:20:59 PM"
"JAN US Account Balance Report - 9999.pdf","4/29/2021 4:20:29 PM","https://postfallsidahoorg.sharepoint.com/sites/FinanceDepartment","https://postfallsidahoorg.sharepoint.com/sites/FinanceDepartment/AuditDocuments/JAN US Account Balance Report - 9999 (ID 373782).pdf","Alvin and Wolff","4/29/2021 4:20:29 PM"
"FEB US Account Balance Report - 0011.pdf","4/29/2021 4:19:12 PM","https://postfallsidahoorg.sharepoint.com/sites/FinanceDepartment","https://postfallsidahoorg.sharepoint.com/sites/FinanceDepartment/AuditDocuments/FEB US Account Balance Report - 0011 (ID 373801).pdf","Alvin and Wolff","4/29/2021 4:19:12 PM"
"Dec US Account Balance Report - 9986.pdf","4/29/2021 4:18:09 PM","https://postfallsidahoorg.sharepoint.com/sites/FinanceDepartment","https://postfallsidahoorg.sharepoint.com/sites/FinanceDepartment/AuditDocuments/Dec US Account Balance Report - 9986 (ID 373697).pdf","Alvin and Wolff","4/29/2021 4:18:09 PM"
"August US Account Balance Report - 8221.pdf","4/29/2021 4:15:22 PM","https://postfallsidahoorg.sharepoint.com/sites/FinanceDepartment","https://postfallsidahoorg.sharepoint.com/sites/FinanceDepartment/AuditDocuments/August US Account Balance Report - 8221 (ID 372301).pdf","Alvin and Wolff","4/29/2021 4:15:23 PM"
"APRIL US Account Balance Report - 0053.pdf","4/29/2021 4:15:09 PM","https://postfallsidahoorg.sharepoint.com/sites/FinanceDepartment","https://postfallsidahoorg.sharepoint.com/sites/FinanceDepartment/AuditDocuments/APRIL US Account Balance Report - 0053 (ID 373892).pdf","Alvin and Wolff","4/29/2021 4:15:09 PM"
"April 2021 - Cycle 02.pdf","5/11/2021 4:25:06 PM","https://postfallsidahoorg.sharepoint.com/sites/FinanceDepartment","https://postfallsidahoorg.sharepoint.com/sites/FinanceDepartment/FinanceDocuments/April 2021 - Cycle 02 (ID 392423).pdf","Alvin and Wolff","3/30/2021 8:56:41 PM"
"March 2021 - Cycle 02.pdf","5/11/2021 4:30:51 PM","https://postfallsidahoorg.sharepoint.com/sites/FinanceDepartment","https://postfallsidahoorg.sharepoint.com/sites/FinanceDepartment/FinanceDocuments/March 2021 - Cycle 02 (ID 391619).pdf","Alvin and Wolff","2/25/2021 9:57:09 PM"
"February 2021 - Cycle 02.pdf","5/11/2021 4:27:33 PM","https://postfallsidahoorg.sharepoint.com/sites/FinanceDepartment","https://postfallsidahoorg.sharepoint.com/sites/FinanceDepartment/FinanceDocuments/February 2021 - Cycle 02 (ID 390977).pdf","Alvin and Wolff","1/29/2021 4:44:39 PM"
"February 2021 - Cycle 02.pdf","5/11/2021 4:27:31 PM","https://postfallsidahoorg.sharepoint.com/sites/FinanceDepartment","https://postfallsidahoorg.sharepoint.com/sites/FinanceDepartment/FinanceDocuments/February 2021 - Cycle 02 (ID 390972).pdf","Alvin and Wolff","1/28/2021 11:06:50 PM"
"January 2021 - Cycle 02.pdf","5/11/2021 4:28:19 PM","https://postfallsidahoorg.sharepoint.com/sites/FinanceDepartment","https://postfallsidahoorg.sharepoint.com/sites/FinanceDepartment/FinanceDocuments/January 2021 - Cycle 02 (ID 390045).pdf","Alvin and Wolff","12/29/2020 11:25:14 PM"
"December 2021 - Cycle 02.pdf","5/11/2021 4:26:31 PM","https://postfallsidahoorg.sharepoint.com/sites/FinanceDepartment","https://postfallsidahoorg.sharepoint.com/sites/FinanceDepartment/FinanceDocuments/December 2021 - Cycle 02 (ID 389316).pdf","Alvin and Wolff","11/30/2020 11:57:51 PM"
"Cut Off Register Zone 2.pdf","5/11/2021 5:05:25 PM","https://postfallsidahoorg.sharepoint.com/sites/FinanceDepartment","https://postfallsidahoorg.sharepoint.com/sites/FinanceDepartment/FinanceDocuments/Cut Off Register Zone 2 (ID 389291).pdf","Alvin and Wolff","11/30/2020 4:24:51 PM"
"Penalty Register-Late Notices.pdf","5/11/2021 5:07:16 PM","https://postfallsidahoorg.sharepoint.com/sites/FinanceDepartment","https://postfallsidahoorg.sharepoint.com/sites/FinanceDepartment/FinanceDocuments/Penalty Register-Late Notices (ID 388984).pdf","Alvin and Wolff","11/16/2020 4:36:06 PM"
"November 2021 - Cycle 02.pdf","5/11/2021 4:32:26 PM","https://postfallsidahoorg.sharepoint.com/sites/FinanceDepartment","https://postfallsidahoorg.sharepoint.com/sites/FinanceDepartment/FinanceDocuments/November 2021 - Cycle 02 (ID 388637).pdf","Alvin and Wolff","10/29/2020 10:11:00 PM"
"October 2020 - Cycle 02.pdf","5/11/2021 4:33:39 PM","https://postfallsidahoorg.sharepoint.com/sites/FinanceDepartment","https://postfallsidahoorg.sharepoint.com/sites/FinanceDepartment/FinanceDocuments/October 2020 - Cycle 02 (ID 387741).pdf","Alvin and Wolff","9/29/2020 10:18:29 PM"
"Cut Off Register Z2","9/24/2020 3:46:33 PM","https://postfallsidahoorg.sharepoint.com/sites/FinanceDepartment","https://postfallsidahoorg.sharepoint.com/sites/FinanceDepartment/InvoicesProcessed_Archive/Cut Off Register Z2.pdf","Alvin and Wolff","9/24/2020 3:42:04 PM"
"Cut Off Register Z2.pdf","5/11/2021 5:05:19 PM","https://postfallsidahoorg.sharepoint.com/sites/FinanceDepartment","https://postfallsidahoorg.sharepoint.com/sites/FinanceDepartment/FinanceDocuments/Cut Off Register Z2 (ID 387539).pdf","Alvin and Wolff","9/24/2020 3:39:41 PM"
"Penalty Register- Late Notices.pdf","5/11/2021 5:07:12 PM","https://postfallsidahoorg.sharepoint.com/sites/FinanceDepartment","https://postfallsidahoorg.sharepoint.com/sites/FinanceDepartment/FinanceDocuments/Penalty Register- Late Notices (ID 387281).pdf","Alvin and Wolff","9/11/2020 9:50:19 PM"
"September 2020 - Cycle 02.pdf","5/11/2021 4:34:32 PM","https://postfallsidahoorg.sharepoint.com/sites/FinanceDepartment","https://postfallsidahoorg.sharepoint.com/sites/FinanceDepartment/FinanceDocuments/September 2020 - Cycle 02 (ID 386891).pdf","Alvin and Wolff","8/28/2020 10:48:36 PM"
"Cut Off Register.pdf","5/11/2021 5:05:07 PM","https://postfallsidahoorg.sharepoint.com/sites/FinanceDepartment","https://postfallsidahoorg.sharepoint.com/sites/FinanceDepartment/FinanceDocuments/Cut Off Register (ID 386852).pdf","Alvin and Wolff","8/27/2020 3:21:35 PM"
"Penalty Register.pdf","5/11/2021 5:06:44 PM","https://postfallsidahoorg.sharepoint.com/sites/FinanceDepartment","https://postfallsidahoorg.sharepoint.com/sites/FinanceDepartment/FinanceDocuments/Penalty Register (ID 386534).pdf","Alvin and Wolff","8/13/2020 11:30:43 PM"
"August 2020 - Cycle 02.pdf","5/11/2021 4:25:49 PM","https://postfallsidahoorg.sharepoint.com/sites/FinanceDepartment","https://postfallsidahoorg.sharepoint.com/sites/FinanceDepartment/FinanceDocuments/August 2020 - Cycle 02 (ID 386170).pdf","Alvin and Wolff","7/30/2020 8:29:28 PM"
"Cut Off Register.pdf","5/11/2021 5:05:06 PM","https://postfallsidahoorg.sharepoint.com/sites/FinanceDepartment","https://postfallsidahoorg.sharepoint.com/sites/FinanceDepartment/FinanceDocuments/Cut Off Register (ID 386148).pdf","Alvin and Wolff","7/30/2020 3:23:19 PM"
"Penalty Register.pdf","5/11/2021 5:06:41 PM","https://postfallsidahoorg.sharepoint.com/sites/FinanceDepartment","https://postfallsidahoorg.sharepoint.com/sites/FinanceDepartment/FinanceDocuments/Penalty Register (ID 385790).pdf","Alvin and Wolff","7/16/2020 10:33:49 PM"
"July 2020 - Cycle 02.pdf","5/11/2021 4:29:08 PM","https://postfallsidahoorg.sharepoint.com/sites/FinanceDepartment","https://postfallsidahoorg.sharepoint.com/sites/FinanceDepartment/FinanceDocuments/July 2020 - Cycle 02 (ID 385190).pdf","Alvin and Wolff","6/29/2020 8:22:35 PM"
"June 2020 - Cycle 02.pdf","5/11/2021 4:29:58 PM","https://postfallsidahoorg.sharepoint.com/sites/FinanceDepartment","https://postfallsidahoorg.sharepoint.com/sites/FinanceDepartment/FinanceDocuments/June 2020 - Cycle 02 (ID 384233).pdf","Alvin and Wolff","5/29/2020 5:28:39 PM"
"May 2020 - Cycle 02.pdf","5/11/2021 4:31:33 PM","https://postfallsidahoorg.sharepoint.com/sites/FinanceDepartment","https://postfallsidahoorg.sharepoint.com/sites/FinanceDepartment/FinanceDocuments/May 2020 - Cycle 02 (ID 383552).pdf","Alvin and Wolff","4/29/2020 6:54:39 PM"
"April 2020 - Cycle 02.pdf","5/11/2021 4:24:55 PM","https://postfallsidahoorg.sharepoint.com/sites/FinanceDepartment","https://postfallsidahoorg.sharepoint.com/sites/FinanceDepartment/FinanceDocuments/April 2020 - Cycle 02 (ID 382828).pdf","Alvin and Wolff","3/30/2020 5:17:46 PM"
"Penalty Register.pdf","5/11/2021 5:06:26 PM","https://postfallsidahoorg.sharepoint.com/sites/FinanceDepartment","https://postfallsidahoorg.sharepoint.com/sites/FinanceDepartment/FinanceDocuments/Penalty Register (ID 382416).pdf","Alvin and Wolff","3/13/2020 4:40:35 PM"
"March 2020 - Cycle 02.pdf","5/11/2021 4:30:37 PM","https://postfallsidahoorg.sharepoint.com/sites/FinanceDepartment","https://postfallsidahoorg.sharepoint.com/sites/FinanceDepartment/FinanceDocuments/March 2020 - Cycle 02 (ID 381957).pdf","Alvin and Wolff","2/27/2020 9:19:14 PM"
"March 2020 - Cycle 0102.pdf","5/11/2021 4:30:32 PM","https://postfallsidahoorg.sharepoint.com/sites/FinanceDepartment","https://postfallsidahoorg.sharepoint.com/sites/FinanceDepartment/FinanceDocuments/March 2020 - Cycle 0102 (ID 381956).pdf","Alvin and Wolff","2/27/2020 9:10:32 PM"
"Cut Off Register.pdf","5/11/2021 5:05:03 PM","https://postfallsidahoorg.sharepoint.com/sites/FinanceDepartment","https://postfallsidahoorg.sharepoint.com/sites/FinanceDepartment/FinanceDocuments/Cut Off Register (ID 381941).pdf","Alvin and Wolff","2/27/2020 4:22:00 PM"
"Penalty Register- Late Notices.pdf","5/11/2021 5:07:10 PM","https://postfallsidahoorg.sharepoint.com/sites/FinanceDepartment","https://postfallsidahoorg.sharepoint.com/sites/FinanceDepartment/FinanceDocuments/Penalty Register- Late Notices (ID 381730).pdf","Alvin and Wolff","2/14/2020 5:31:38 PM"
"February 2020 - Cycle 02.pdf","5/11/2021 4:27:12 PM","https://postfallsidahoorg.sharepoint.com/sites/FinanceDepartment","https://postfallsidahoorg.sharepoint.com/sites/FinanceDepartment/FinanceDocuments/February 2020 - Cycle 02 (ID 380727).pdf","Alvin and Wolff","1/30/2020 7:28:49 PM"
"January 2020 - Cycle 02.pdf","5/11/2021 4:28:07 PM","https://postfallsidahoorg.sharepoint.com/sites/FinanceDepartment","https://postfallsidahoorg.sharepoint.com/sites/FinanceDepartment/FinanceDocuments/January 2020 - Cycle 02 (ID 379298).pdf","Alvin and Wolff","12/30/2019 10:33:38 PM"
"December 2020 - Cycle 02.pdf","5/11/2021 4:26:21 PM","https://postfallsidahoorg.sharepoint.com/sites/FinanceDepartment","https://postfallsidahoorg.sharepoint.com/sites/FinanceDepartment/FinanceDocuments/December 2020 - Cycle 02 (ID 377557).pdf","Alvin and Wolff","11/27/2019 1:12:24 AM"
"Cut Off Register.pdf","5/11/2021 5:04:58 PM","https://postfallsidahoorg.sharepoint.com/sites/FinanceDepartment","https://postfallsidahoorg.sharepoint.com/sites/FinanceDepartment/FinanceDocuments/Cut Off Register (ID 377506).pdf","Alvin and Wolff","11/26/2019 4:19:56 PM"
"November 2020 - Cycle 02.pdf","5/11/2021 4:32:23 PM","https://postfallsidahoorg.sharepoint.com/sites/FinanceDepartment","https://postfallsidahoorg.sharepoint.com/sites/FinanceDepartment/FinanceDocuments/November 2020 - Cycle 02 (ID 376348).pdf","Alvin and Wolff","10/30/2019 11:22:40 PM"
