"Url","Title"
"https://postfallsidahoorg.sharepoint.com/","City Intranet"
"https://postfallsidahoorg.sharepoint.com/sites/AdministrativeApplications","Administrative Applications"
"https://postfallsidahoorg.sharepoint.com/sites/Anewplan2","A new plan #2"
"https://postfallsidahoorg.sharepoint.com/sites/ateam","a team"
"https://postfallsidahoorg.sharepoint.com/sites/ATeam361","A Team"
"https://postfallsidahoorg.sharepoint.com/sites/BasementTraining","Basement Training"
"https://postfallsidahoorg.sharepoint.com/sites/BlackBayPublicRecordsRequest","Black Bay Public Records Request"
"https://postfallsidahoorg.sharepoint.com/sites/CalendarEdit","Calendar Edit"
"https://postfallsidahoorg.sharepoint.com/sites/CapitalImprovementProjects","Capital Improvement Projects"
"https://postfallsidahoorg.sharepoint.com/sites/CDBG-WarrenField","CDBG - Warren Field"
"https://postfallsidahoorg.sharepoint.com/sites/CDSpecialEvents","CD Special Events"
"https://postfallsidahoorg.sharepoint.com/sites/CDSpecialProjects","CD Special Projects"
"https://postfallsidahoorg.sharepoint.com/sites/CDVacations","CD Vacations"
"https://postfallsidahoorg.sharepoint.com/sites/CDWirelessProject","CD Wireless Project"
"https://postfallsidahoorg.sharepoint.com/sites/CityClerkDepartment","City Clerk Department"
"https://postfallsidahoorg.sharepoint.com/sites/CityCouncil","Post Falls City Council - UNDER CONSTRUCTION"
"https://postfallsidahoorg.sharepoint.com/sites/CityEmployeeEvents","Employee Training & Meetings"
"https://postfallsidahoorg.sharepoint.com/sites/CityGrants","City Grants"
"https://postfallsidahoorg.sharepoint.com/sites/CityHallITDept","City Hall IT Dept"
"https://postfallsidahoorg.sharepoint.com/sites/CityofPostFallsMicrosoftTeamsAdoption","City of Post Falls Microsoft Teams Adoption"
"https://postfallsidahoorg.sharepoint.com/sites/CityPolicies","City Policies"
"https://postfallsidahoorg.sharepoint.com/sites/CityPolicies797","City Policies"
"https://postfallsidahoorg.sharepoint.com/sites/Clerk_Task","Clerk Task"
"https://postfallsidahoorg.sharepoint.com/sites/CodeEnforcement","Code Enforcement"
"https://postfallsidahoorg.sharepoint.com/sites/CommunicationsPlanning","Communications Planning"
"https://postfallsidahoorg.sharepoint.com/sites/CommunityDevelopment","Community Development"
"https://postfallsidahoorg.sharepoint.com/sites/CommunityDevelopmentProjects","Community Development Projects"
"https://postfallsidahoorg.sharepoint.com/sites/CONSULTANTROSTER2023-2024","CONSULTANT ROSTER 2023-2024"
"https://postfallsidahoorg.sharepoint.com/sites/CopyofCopyofStrategicPlan","Copy of Copy of Strategic Plan"
"https://postfallsidahoorg.sharepoint.com/sites/CopyofStrategicPlan","Copy of Strategic Plan"
"https://postfallsidahoorg.sharepoint.com/sites/CouncilMeetingFollowUpItems","Council Meeting Follow Up Items"
"https://postfallsidahoorg.sharepoint.com/sites/CourtCalendar","Court Calendar"
"https://postfallsidahoorg.sharepoint.com/sites/Demo","Demo"
"https://postfallsidahoorg.sharepoint.com/sites/DepartmentHeads","Department Heads"
"https://postfallsidahoorg.sharepoint.com/sites/DHRetreatTeam2","DH Retreat Team 2"
"https://postfallsidahoorg.sharepoint.com/sites/dougtest","doug test"
"https://postfallsidahoorg.sharepoint.com/sites/EDAandPublicInfrastructureGrants","EDA and Public Infrastructure Grants"
"https://postfallsidahoorg.sharepoint.com/sites/EmergencyCommunication","Emergency Communication"
"https://postfallsidahoorg.sharepoint.com/sites/Engineering","Engineering Department"
"https://postfallsidahoorg.sharepoint.com/sites/FacilitiesMaintenance","Facilities Maintenance"
"https://postfallsidahoorg.sharepoint.com/sites/Finance_Task","Finance Task"
"https://postfallsidahoorg.sharepoint.com/sites/FinanceDepartment","Finance Department"
"https://postfallsidahoorg.sharepoint.com/sites/Generaltesting","General Testing"
"https://postfallsidahoorg.sharepoint.com/sites/GISDeptartment","GIS Department"
"https://postfallsidahoorg.sharepoint.com/sites/HowTosforTeamsandOpenGov","How To's for Teams and OpenGov"
"https://postfallsidahoorg.sharepoint.com/sites/HRDept","HR Dept"
"https://postfallsidahoorg.sharepoint.com/sites/HumanResources","Post Falls Human Resources"
"https://postfallsidahoorg.sharepoint.com/sites/I-90CleanUp","I-90 Clean Up"
"https://postfallsidahoorg.sharepoint.com/sites/I90BusinessLoopRehabORN23649","I90 Business Loop Rehab ORN23649"
"https://postfallsidahoorg.sharepoint.com/sites/I90WideningPlanning","I90 Widening (Planning)"
"https://postfallsidahoorg.sharepoint.com/sites/ImpactFeeUpdate","Impact Fee Update"
"https://postfallsidahoorg.sharepoint.com/sites/InspectorsUnite","Inspectors Unite!"
"https://postfallsidahoorg.sharepoint.com/sites/JerrysTasks","Jerrys Tasks"
"https://postfallsidahoorg.sharepoint.com/sites/JohnsTestingTeam","John's Testing Team"
"https://postfallsidahoorg.sharepoint.com/sites/July6Planner","July 6 Planner"
"https://postfallsidahoorg.sharepoint.com/sites/Junction","Junction"
"https://postfallsidahoorg.sharepoint.com/sites/KarpelImplementation","Karpel Implementation"
"https://postfallsidahoorg.sharepoint.com/sites/KCPropertyTaxTeam","City of Post Falls Legislative Committee"
"https://postfallsidahoorg.sharepoint.com/sites/KirbysProjectplanning","Kirby's Project planning"
"https://postfallsidahoorg.sharepoint.com/sites/LabReports","Lab Reports"
"https://postfallsidahoorg.sharepoint.com/sites/Legal_Task","Legal Task"
"https://postfallsidahoorg.sharepoint.com/sites/LegalDepartment","Legal Department"
"https://postfallsidahoorg.sharepoint.com/sites/LegalServicesRequest","Legal Services"
"https://postfallsidahoorg.sharepoint.com/sites/LunchandLearnCommittee","Lunch and Learn Committee"
"https://postfallsidahoorg.sharepoint.com/sites/LundyBlvdWatermain","Lundy Blvd. Watermain"
"https://postfallsidahoorg.sharepoint.com/sites/MassGrading","Mass Grading"
"https://postfallsidahoorg.sharepoint.com/sites/MayorFollowUpItems","Mayor Follow Up Items"
"https://postfallsidahoorg.sharepoint.com/sites/MediaDepartment","Media Department"
"https://postfallsidahoorg.sharepoint.com/sites/MonthlyReport","Monthly Report"
"https://postfallsidahoorg.sharepoint.com/sites/News","General News"
"https://postfallsidahoorg.sharepoint.com/sites/OrdinancePriority","Ordinance Priority"
"https://postfallsidahoorg.sharepoint.com/sites/ParksDepartment","Parks Department"
"https://postfallsidahoorg.sharepoint.com/sites/ParksMaintenanceGroup","Parks Maintenance Group"
"https://postfallsidahoorg.sharepoint.com/sites/ParksUrbanForestrySupervisors","Parks & Urban Forestry Supervisors"
"https://postfallsidahoorg.sharepoint.com/sites/PAStaff","PA Staff"
"https://postfallsidahoorg.sharepoint.com/sites/PayrollItems","HR Ideas"
"https://postfallsidahoorg.sharepoint.com/sites/PD_Payroll","PD - Payroll & HR CHECKING"
"https://postfallsidahoorg.sharepoint.com/sites/PF_Benefits","Post Falls Benefits"
"https://postfallsidahoorg.sharepoint.com/sites/PF_Department_Onboarding","Department Onboarding"
"https://postfallsidahoorg.sharepoint.com/sites/PF_Employee_Onboarding","Post Falls Employee Onboarding"
"https://postfallsidahoorg.sharepoint.com/sites/PF_PreOnboarding","PF Employee Pre-Onboarding"
"https://postfallsidahoorg.sharepoint.com/sites/PFUrbanForestryDivision","PF Urban Forestry Division"
"https://postfallsidahoorg.sharepoint.com/sites/Picnic","Picnic"
"https://postfallsidahoorg.sharepoint.com/sites/Placer.aiInformation","Placer.ai Information"
"https://postfallsidahoorg.sharepoint.com/sites/PlanningDepartment","Planning Department"
"https://postfallsidahoorg.sharepoint.com/sites/POSTFALLS.GOVdomainchange","POSTFALLS.GOV domain change"
"https://postfallsidahoorg.sharepoint.com/sites/PostFallsDays","Post Falls Days"
"https://postfallsidahoorg.sharepoint.com/sites/PostFallsDaysMembers","Post Falls Days Members"
"https://postfallsidahoorg.sharepoint.com/sites/PostFallsFestival2023","Post Falls Festival 2023"
"https://postfallsidahoorg.sharepoint.com/sites/PostFallsUrbanRenewal","Post Falls Urban Renewal"
"https://postfallsidahoorg.sharepoint.com/sites/PowerAutomateandFlowtesting","Power Automate and Flow testing"
"https://postfallsidahoorg.sharepoint.com/sites/Practice","Practice"
"https://postfallsidahoorg.sharepoint.com/sites/ProjectDrive","Project Drive"
"https://postfallsidahoorg.sharepoint.com/sites/PublicWorks","Public Works"
"https://postfallsidahoorg.sharepoint.com/sites/PublicWorksProjects","Public Works Projects"
"https://postfallsidahoorg.sharepoint.com/sites/PUD","PUD"
"https://postfallsidahoorg.sharepoint.com/sites/RandomCraigStuff","Random Craig Stuff"
"https://postfallsidahoorg.sharepoint.com/sites/RecreationDepartment","Recreation Department"
"https://postfallsidahoorg.sharepoint.com/sites/RecreationDepartment220","Recreation Department"
"https://postfallsidahoorg.sharepoint.com/sites/ResidentialBonds","Residential Bonds"
"https://postfallsidahoorg.sharepoint.com/sites/RFQSite","RFQ Site"
"https://postfallsidahoorg.sharepoint.com/sites/Shared","Shared"
"https://postfallsidahoorg.sharepoint.com/sites/SharePointTraining","SharePoint Training"
"https://postfallsidahoorg.sharepoint.com/sites/ShellyRhiannon-Admin","Admin"
"https://postfallsidahoorg.sharepoint.com/sites/SitePlanReviews","Site Plan Reviews"
"https://postfallsidahoorg.sharepoint.com/sites/SmartCode","Smart Code"
"https://postfallsidahoorg.sharepoint.com/sites/SnowCommunications","Snow Communications"
"https://postfallsidahoorg.sharepoint.com/sites/SPAdmins","SP Admins"
"https://postfallsidahoorg.sharepoint.com/sites/SpecialUsePermit","Special Use Permit"
"https://postfallsidahoorg.sharepoint.com/sites/SpokaneStWaterTower","Spokane St Water Tower"
"https://postfallsidahoorg.sharepoint.com/sites/StandardDrawingReview","Standard Drawing Review"
"https://postfallsidahoorg.sharepoint.com/sites/StateoftheCity","State of the City"
"https://postfallsidahoorg.sharepoint.com/sites/StrategicPlan","Strategic Plan"
"https://postfallsidahoorg.sharepoint.com/sites/StreetsDepartment","Streets Department"
"https://postfallsidahoorg.sharepoint.com/sites/Subdivisions","Subdivisions"
"https://postfallsidahoorg.sharepoint.com/sites/supervisors","Supervisors"
"https://postfallsidahoorg.sharepoint.com/sites/TeamsadoptionTest","Teams adoption Test"
"https://postfallsidahoorg.sharepoint.com/sites/TeamsTraining","Teams Training"
"https://postfallsidahoorg.sharepoint.com/sites/TechCommittee2","Tech Committee"
"https://postfallsidahoorg.sharepoint.com/sites/Test2","Test"
"https://postfallsidahoorg.sharepoint.com/sites/TestHub2","Test Hub"
"https://postfallsidahoorg.sharepoint.com/sites/TestPlanner","Test Planner"
"https://postfallsidahoorg.sharepoint.com/sites/TrainingProgram","Training Program"
"https://postfallsidahoorg.sharepoint.com/sites/UrbanForestryDepartment","Urban Forestry Department"
"https://postfallsidahoorg.sharepoint.com/sites/UrbanForestryDivision","Urban Forestry Division"
"https://postfallsidahoorg.sharepoint.com/sites/UtilitiesAdmin1","Utilities Admin 1"
"https://postfallsidahoorg.sharepoint.com/sites/Variances","Variances"
"https://postfallsidahoorg.sharepoint.com/sites/WalkingFools","Walking Fools"
"https://postfallsidahoorg.sharepoint.com/sites/WaterDepartment","Water Department"
"https://postfallsidahoorg.sharepoint.com/sites/WorkFollowUp","Work Follow Up"
"https://postfallsidahoorg.sharepoint.com/sites/WorkMgmt","Work Mgmt"
"https://postfallsidahoorg.sharepoint.com/sites/WorkTasks","Work Tasks"
"https://postfallsidahoorg.sharepoint.com/sites/wrf","WRF Group"
"https://postfallsidahoorg.sharepoint.com/sites/wwreview","WW Review"
"https://postfallsidahoorg.sharepoint.com/sites/ZoneChange","Zone Change"
